clean_text,label_encoded
selalu puas dengan pesanan rata sesuai dgn yg diinginkan,2
sangat membantu keren,2
penjualnya ga niat jualan,0
sangat bagus,2
pembelian bisa transfer langsung memudahkan transaksi keponya ketika dihubungi kurir pas ngga ditempat waswas jika salah kirim,2
saya sangat suka dengan shopee dan setiap pesan barang selalu bagus,2
terimakasih shopee kamu emang ok 👍,2
jozz,2
semakin lama semakin ga jelas,1
ok buat saya,2
selamat datang kembali,2
aplikasi belanja yang sangat membantu untuk sayaterima kasih untuk semua yang terkait di dalam nyasemoga kita semua di berikan kemudahan di segala urusan kita amin,2
maksih,2
pengiriman sekarang lama banget,0
top markotop,2
shopee sangat membantu sekali buat saya,2
okk pelayannya,2
bagus bngt,2
shopee is the best,2
aplikasi ini sangat mudah dan cepat,2
sangat baik memudahkan berbelanja kebutuhan seharihari,2
sangat membantu,2
makin kesini makin jelek aplikasinya pengiriman barangnya lama bgtttt belum lagi barangnya dibawa kesana kesini jdi makin lama sampenya kadang di keterangan di bilang udah sampe taunya belum,0
aplikasi sudah bagus penjualan online terpercaya dan bisa pakai sea bank semoga tetap mengawal penjual yg jual di shopee tetap amanah,2
belanja online selalu di shopee,2
bermanfaat,2
tolong waktu pengirimannya harus konsisten dengan estimasi waktu tibanya,2
terbaik,2
sangat mudah belanja dishopee metode pembayaran dan pengiriman sangat beragam pilihan vouchernyapun banyak sayangnya vouchernya sekarang tidak bisa digabung seperti dahulu dan untuk voucher yg besar sekarang mesti berlangganan,2
aplikasi shopee sangat bermanfaat sekali apalagi yang seperti saya ini yg selalu dirumah tapi masih bisa belanja 🥰,2
shopee keren,2
mantap,2
ok,2
recomeded banget,2
shopee keren ongkir murah dan gratis tapi sekarang reture sama kurir jne males banget downgrade pelayanan jadinya,2
koin shoope live kenapa tidak ada menu penarikan,0
menurut ku pengiriman nya sekarang lama dan untuk ambil ditempat nya terkadang lokasi tidak sesusai dan tidak update alamatnya serta terlalu lama digudang sehingga tidak dapat segera diterima atau diantarkan,2
terbaik,2
ok sangat bangus,2
skrng shopee gk amanah toko toko nya pada tukang tipu saran aja kalo toko kaya gitu blokir aja dri shopee nya sebagai pengguna lama shopee udah berapa kali kena tipu barang barang shopee kecewa bgt sih pdhl aku pilih shopee krna dulu emg amanah pengiriman cepat skrng malahan yg ktnya hari hari sampe malah suka hari sampe nya gmna ya skrng udh di uninstal ganti apk lain aja udh kecewa sma shopee,0
sya tdk bisa mngginstal,0
mantap man,2
cari apa aja sll ada dan mudah di dpt,2
agak gimana gitu tiap ga jadi beli pembatalan selalu di tolak sm seller pdhl pngirimn juga masihh lamaa orang g jadi beli ya ga jadi beli tpi jg puas blnja d shopee bisa di cek dulu brgnya agak ganjel sm yang pembatalan d tolak aj,0
please lah daerah kalsel shopee buruk banget mesan sebulan lebih gak datang² stuk di banjarmasin terus tidak suka kalo gini berlangganan di shopee jelek sekali pengantaran nya,0
mantap djiwa mempermudah hidup,2
aplikasi yang sangat membantu,2
pengiriman cepat dan aplikasinya bagus bgts,2
hadeh udah bulan paket engga sampai,0
memuaskan,2
gratis ongkos kirim tapi pengirimannya makin lelet,1
bagis,1
sangat bagus digunakan untuk berbelanja secara offline dijamin sesuai pesanan,2
berbelanja di sini sangat menyenangkan pokoknya rekomendasi bgt deh,2
sumpah shopee menggangu banget buka aplikasi malah teralihkan ke shopee jangan kaya gini lah gak nyaman tau buka apa malah yang terbuka shopee gak bagus banget shopee sekarang jelekkk banget,0
mantap,2
cukup bagus pelayananx,2
bhan nya bgus,2
shopee mantappppp,2
ongkirnya lumayan murah 👍 pokoknya mantap 👍👍👍 terima kasih shopee 🙏,2
suka bangets belanja online di aplikasi ini pemakaian mudah banyak diskon dan gratis ongkir hampir tidak pernah mengalami kendala selama memakai aplikasi ini,2
sangat membantu sekali dan sangat bermanfaat juga banyak promo nya,2
sekarang shopee sulit mau hapus toko gak bisa adeh adeh karena mau ganti produk baru dan harus tokonya baru,0
saya baru bulan terakhir belanja di shopee sebelumx belanja ditempat lain selain tidak ada ongkir barang yang dijual lebih berkwalitas,2
cari yg ga ada di toko luarya cari di shopee ajapasti ada dehharga lebih murmersekali klik paketassiap bang kurir pertahankan terus kepercayaan konsumendan lebih safetykarena banyak modus pesan di kirimeh tapi ada oknum yang whatsapp katanya barang tertukar,2
aplikasi yang dipercaya,2
sejauh ini sya puas aplikasi yg sngat bagus,2
bagus 👍,2
good job 👍,2
mantap pelayanan dan lain lainya top,2
tolong block atau kasih peringatan kepada toko ini devi colletions saya chat mau tanya barang ready ngak sampai sekarang blm di jawab padahal online tolong di ketatkan lagi soal penjual yang tidak membaca chat pembeli jangan lagsung di jawab sama ai kalau di jawab sama ai tidak bisa di pahami tolong kasih peringatan kpd devi colletions,0
shopi terbaik,2
semoga banyak gratis ongkirnya,2
mantul cuma liat laif dapet coin jadi rupiah bisa buat tambahan belanja makasih sopi,2
sangat membantu informasinya,2
woi ini knp kok tiba shopefoodnya tidak bisa cod,0
ok,2
shopee langanan saya paling amanah,2
respon cepat akuratgrecep,2
cukup ramah dan tepat waktu,0
sangat bagus dan banyak diskonnya,2
udah capek nunggu malah pesan di batalkan,0
aplikasi kurang kurang memuaskanudah belanja jutaan tp ga dapat spay later dan spinjamtutup akun aza,2
mantap,2
solusi belanja online,2
kurir kakean mabok teseng,1
banyak manfaatnya bisa belanja sesuai buget nya masing masing,2
shopee indonesia banyak promonya,2
ada yang bener ada juga yang ga sesuai,2
ongkir nya terjangkau,2
okelah,2
ok respon dan aplikasinya good trims,2
baik dan sesuai barang yang diinginkan,2
pengirimannya lamaaa puollll,0
tolong dong nextnya kasih no kurir yg mengantarkan paket kita soalnya paket saya udah hari proses pengantaran trs padahal saya stay di rumah ga kemana mana,0
semuanya jd mudah karena shope,2
toko oren racun jadi pengen belanja terus,2
good,2
sangat membantu mencari barang yg dibutuhkan,2
mantap shope mh,2
ngelaggg teruss mb nya besarr,1
mantap,2
tlng buat shopeeu pengiriman diperhatikanpengiriman rada lamaterimakasih,2
sangat membantu,2
sangat puas tp sayang spaylater sy d bekukan krn telat bayar,2
sangat baik,2
pengiriman ke daerah pangndran lewat estimasi trus harap segera perbaikijdi agak mles kalau gini trus,0
keren😎👍,2
udah bagus semoga makin banyak promo nya,2
aplikasi nya bagus terus murah murah dan banyak gratis ongkir,2
baruencoba,2
oke menghidupkan umkm,2
mantap,2
tolong dijaga ya iklan nya pencet dikit masuk aplikasi itu gk baik banget wok padahal cuma mau mencet x doang di iklan susahnya minta ampun harus masuk shope durjana ini lagi mau itu iklan facebook youtube chrome cloud dll sumpah iklan nya ganggu bngt kepencet dikit aja dh beda aplikasi ini malah jadi lazada part pas itu terus barang barang yang saya beli di sini kadang ada yang tidak amanahtidak sesuai dan kadang pengirimanya malah jauh lebih lama di banding tiktok shop apa ini 😂😂,0
bisa ga sih ga usah iklan iklan lu tuh maksa banget gua udah pencet tutup malah ke aplikasi lu maksa banget anj,0
sangat keren dan rekomendet banget,2
selalu puas dengan pengiriman,2
bagus sekali,2
alhamdulillah tidak pernah kecewa,2
layanan shopee mantab,2
mbois,2
mantap,2
aplikasi terpercaya,2
sengaja turunin dr platinum ke silver lagian spaylater tiba dibekukan transaksi jutaan padahal sekarang pakai toko sebelah saja,0
membantu kita yg sibuk untuk belanja,2
mantap,2
membantu,2
puas pelayanan sangat baik,2
estimasi akurat,2
hampir semua barang ada dan bisa kena potongan juga,2
semenjak di upgrade cepat panas hpjadi lemot parah,0
jasa pengiriman spx makin kesini maken kek tali kusut uda pengiriman muter uda dikota tujuan pun g sampek rumah tu barang cuma notif doang kurir sudah ditugaskan paket akan segera dikirim hari g nyampek anying bedah jauh sama jt anying,0
ok,2
sangat okee membantu mencari sesuatu yg jrg d jual pasaran ok ok toko toko yg berbuat curang harap di blokir,2
baik dan baik baik saja,2
bagus sihcuma banyak pedagang nakal nya barang kw tpi bilang nya ora oriapa lagi bagian sperpat motor,2
saya suka dengan apk ini karna ongkir murah sesuai espaatasi tidak mengecewkan,2
ongkir mahal mana lelet lagi pengiriman nya tidak baik selalu lambat,0
mantap,2
cukup puas belanja di sini 👍,2
sesuai dgn keinginanbarang bagus reseller amanah,2
vip ma yg standar cara penanganan nya d bedain dong kita udh bayar member vip tp penanganan ny sama ma yg standar rugi dong,1
sorry banget nih kalau untuk harga memang oren juaranya tapi sekarang pengirimannya lama banget kadang seminggu masih aja dikemas pernah barang udah sampai ke kota tujuan malah tiba tiba balik lagi ke jawa,0
lemoodddddd kali aplikasi shopee sekarang ini,1
saya puas belanja di shopee apalagi mall ori shopee tapi yg tidak puas mengajukan paylater tidak bisa padahal saya tidak ada hutang selalu saya bayar lunas pada waktunya🙏🏻,1
biaya layanan untuk penjualan sangat sangat besar sekali sampai sampai jualan gak dapat untung malah buntung,0
josss gandosss,2
ok,2
lebih mudah mencari sesuatu ya di inginkan,2
kenapa pas menambahkah produk ke keranjang belanja suka lemot dan susahapa karna sinyal atau apalah saat buka aplikasinya mulai lemot banget ngga kaya dulu sat set cepet ngga nunggu,2
banyak barang barang yang sangat bermanfaat bagi semua orang,2
sangat bagus dan kerenbanyak misi koin game dan hadiah juga harga yg terjangkau dan dpt gratis ongkir mantaplah shopee👍👍,2
busuk kebijakan nya hanya menguntungkan pihak shopee,0
suka banget blanja dishopee terimakasih udah beri kenyamanan dalam berbelanja,2
sangat menyenangkan dan sangat berguna bagi kita asal menggunakannya dengan bijak,2
good,2
benci banget main potong saldo spaylater aku padahal aku gak mau pakai vip nya tapi malah dipotong lewat spaylater parah bgt sumpah,0
good job,2
menarik sering aja kasih bonus,2
baru pertama kali pake shopee food ternyata lebih seru ketimbang pke apk lain,2
shopee sukses selalu,2
belanja lebih hemat 🥰,2
lebih mundah dan praktis menggunakan aplikasi oren shoppe,2
sangat memuaskan dan membantu,2
kurirnya kurang menyebabkan barang lambat sampai malahan diretur tanpa diketahui pemesanberalih ke ekspedisi lain ajalah😡,0
sangat murah,2
bagus,2
apk yang sangat berguna,2
gud,2
tolong untuk pembatalan pesanan karena penjual tidak update stok atau bilang ready kemudian beberapa hari kemudian bilang stok kosong diberi tanda di tokonya persentase pembatalan karena tidak update stok jadi pembeli bisa memilih toko mana yang serius jualan,2
ok prosak mantap mantap,2
terima kasih telah menghadirkan aplikasi belanja yang sangat terjangkau juga mudah digunakanbanyak keuntungan besar selain fast respon dalam menjawab semua persoalan juga kualitas toko online juga kurirnya sangat profesional selalu suka berlanja di shopee,2
mantap,2
sangat jelek,0
barangnya bagus bagus sesuai dengan postingan pelayanannya juga sangat memuaskan pertahankan dan kalau bisa lebih di tingkatkan lagi supaya pembeli semakin puas terima kasih,2
oke,2
mantap,2
trima kasih,2
pengiriman lambat hanya berputar dari pky ke banjarbaru trus ke banjarmasin lg sampai lewat waktu estimasi,0
sangat bagus,2
is the best,2
keren top,2
terimakasih shopee saya sejak menjadi pelanggan karena shopee memudahkan saya untuk berbelanja bisa memilih produk sesuai kebutuhan eceran ataupun grosir banyak diskonnya juga bisa belanja dari toko diluar kota jika harga bersaing dan yang jelas ada voucher shopee maupun toko dan bebas ongkir,2
sangat membantu untuk ongkir nya,2
oke,2
ok,2
belanja di shopee sangat hemat ongkos kirim sangat membantu,2
akun sering kali menghilang sendiri,0
pengiriman cepat,2
shopee yang bener aja sihhh sumpah ini aplikasi bikin seller rugi bangetttt masa harga barang rb potongan bisa ampe rb situ ngambil untung apa ngerampok sedangkan aku aja ambil untung cuman rb harga beli rb ku jual rb berharap dapet untung jualan di shopee malah nombok,0
lemmot,0
bagus,2
good job,2
poko nya saya tidak menyesal bisa pesan barang di sini karna kurir dan pesanan sesuai yg d harapkantrmksih kurir pengiriman cepat dan tdk ada kekurangan satu pun menjadi langganan d shopee,2
apk keren,2
ongkir terlalu mahal tidak seperti dulu,0
saya merasa puas karena banyak diskonnya,2
aplikasi beratlag patah patah baru masuk aja udah langsung di live toko mending aplikasi sebelah aja,0
saya disini sebagai penjual mau mengucapkan terima kasih banyak buat shopee yg makin hari potongan yg dibebankan ke penjual semakin gak ngotak saran saya naikin aja terus biaya admin ke penjual sampai pucuk,0
tolong di perbaikilah,2
sangat membantu,2
puas belanja di shopee,2
suka bangettttt,2
dapat dipercaya,2
kadang pengirimannya lambat untuk area makassar tapi selebihnya okay aja berkah yaa,2
sangat membantu kebutuhan,2
pengalaman saya belanja d shopee belum pernah kecewa udah lama ngadain shopee selalu oke,2
tolong dong shopee aku mau baca wp kenapa muncul iklan shopee terus ganggu kenyamanan banget tolong yaa🙏🥲,1
𝒔𝒂𝒏𝒈𝒂𝒕 𝒑𝒖𝒂𝒔 𝒑𝒆𝒔𝒂𝒏𝒂𝒏 𝒔𝒆𝒔𝒖𝒂𝒊 𝒑𝒆𝒓𝒎𝒊𝒏𝒕𝒂𝒂𝒏,2
menjadi mudah mencari yg susah😁😁😁,2
sangat membantu sekali,2
apk bagus barang selalu sesuai dan pelayanan baik dan sopan,2
memudahkan untuk belanja,2
insya allah barang yang selalu di kirim bagus dan real peack walau pun agak lama respon dari penjual nya deh waktu pengiriman sesuaidan kurir yang selalu mengantar ramah tamah ☺️ ongkir selalu gratis ongkir,2
ok,2
min iklan di wattpad di kurangin yaa terganggu soalnya😊,2
mantap,2
thanks to shopee,2
sangat bagus,2
kau bisa gak gk usah muncul di geme ku ganggu aja kau,0
mantap,2
sejauh saya memakai apk belanja shopee baik bagus dan murah tp utk barang original harus selektif dan detail sebelum membeli,2
makin lambat,0
sangat membantu,2
pokok nya oklah,2
banyak gratis ongkir,2
g bisa cod lagi,0
pelayanan baik,2
oke sheep aku mau belanja lewat shopee sekarang juga,2
sangat membantu,2
selalu menyenangkan dan membantu segala keperluan tanpa ribet good job shopeee,2
shoopee ongkirnya tidak terlalu mahal tapi kadang barang yg dipesan tidak sesuai dengan apa yg dipesan,2
ah cape gua makin kesini shoope kaga dpt driver waktu malem posisi juga di kota gua laper pesen makanan di shoope gadapet driver disitu masih gua maklumi karena udh tengah malem mungkin driver udh pada tidur besok siang gua nyoba pesen lagi makanan di shoope udh x coba pesen udah gua tunggu sampe hampir setengah jam kga dapet driver kesel banget gua tolong benerin masalah ini percuma gua banyak voucher gratis ongkir tp ga kepake karena masalah driver doang,0
gara ai assistant penjual jadi slow respon bikin gedek padahal yg dibutuhin yg paham alias penjual aslinya harus pencet sana sini biar baru di alihkan ke penjual,0
cod melalui shopee sangat berguna,2
pengiriman nya selalu cepat sukaaaaa,2
sangat cepat mudah,2
semenjak ada shopee jadi mles belanja k pasar semua produk di shopee ori murah dan selalu dapet phocer ongkir trimakasih shopee semoga selalu amanah dan trus berjaya,2
barang sesuai deskripsi cuma sayang akhir ini pengirimanya agak lama estimasinya,2
shoppe luar biasa,2
shopee aplikasi belanja online yg sangat mudah simpel terbaik 👍🙏,2
kenapa ya shopee saya kena hack tiba ada yang login di perangkat lain dan ada yg nelpon mengaku dari kantor shopee,1
👍🏻👍🏻👍🏻belanja mudah komplain mudah respon cepat pengembalian dana mudah amanah bertanggung jawab pokoknya apk ini bagus 👍🏻👍🏻👍🏻,2
sangat membantu belanja ibu yg sibuk dengan kerjaan,2
belanja lebih mudah dan apapun yg saya butuhkan pasti ada makasih shoopi,2
mantaaaapppp,2
demi allah yaa shopee gue setiap buka aplikasi apapun itu mau sosmed atau game atau web baru buka lansung di ahlikan ke shopee lama lama kesel liatnya sekali duakali oke masih disabarin lah ini hampir tiap buka aplikasi selalu begitu apa kaga emosi dikira hp yang error tapi kenapa diahlikan ke shopee mulu bukan ke semua aplikasi yang ada di hp pas liat ada yang sama kaya saya ohh ternyata bener emng shopee yang rese iklannya tolong lain kali jangan terlalu berlebihan iklanin aplikasinya,1
selalu puas dengan shopee selalu mengutamakan kepuasan konsumen saat barang tidak sesuai dengan pesanan tidak khawatir barang tidak terpakai karena bisa di tukar atau pengembalian dana terimakasih shopee 😍😍😍😍,2
astagfirllah lemotnya super mega yaaa lemot banget ampun tobat saya nyusahin banget mau belanja itu video ga penting ga pernah buka juga loading terus tolong perbaiki bikin saya istigfar terus nih shopee ini komen saya update lagi lemot banget cok,0
bagus 👍,2
gak usah pakek aplikasi ini banyak penipudi dalamnya shopy gak bisa menjamin kepuasan pelanggan utk saat ini jangan mau terpicu dengan iming dari shopy malah akan rugi zonk besar ada barang gak sampek uang ilang,0
aplikasi nya bagus walaupun lebih sering pakai lazada🗿,2
oke rekomendate,2
bagus apk nya sangat membantu,2
aplikasinya bagus untuk mempermudah belanja dari rumah tpi kenapa sih suka maksa maksain iklan dimana mana kadang gak dipencet pun beralih sendiri ke apknya bikin gak nyaman,0
apk jadi lemot,0
kenapa shopee updet mulu ini gk bisa co udah sebulan mohon perbaikannya gimana padahal udah pake persi terbaru,0
bagus dan membantu,2
pls iklan mah iklan ajaa jangan tiba tiba masuk apk shopee padahal gak mencet apa apa semua udah tau shopee tanpa iklan iklan mulu,0
buruk sekarang pesen tgl dari jakarta ke jawa bisa sampae hari,0
maaf sebelumnya saya cuman kasih bintang sbnernya di apk shopee pengirimannya lama sekali pesananku dikirim oleh sicepat ekspres sampai sekarang blum kunjung datang padahal udah melebihi estimasi tiba kalo tau kaya gini mah mending beli di apk sebelah aja,0
suka blnja di shopee ramah dan amanah,2
soppy saya tak bisa cod bikin kecewa aja lamadolo lancar aja sekarang makin parah,0
makasih shopee udah langganan belanja disini saya sangat senang cuma kadang ada oknum toko yg nakal tidak amanah tp gak papa bwt pembelajaran aku makin sukses shopee ☺️🫰,2
belanja gak perlu pergi kapanpun di mana pun ok,2
codnya mantap gratis ongkir sampai rupiah,2
tolong ya itu shopee video bikin kuota habis sama ngelag jgn langsung terbuka otomatis waktu buka aplikasi,0
bagus banget,2
pengiriman agak lambat tapi sesuai dengan estimasi,2
ingintal kok tidak bisa gimana sih aplikasunyaaa,0
mudah dan membantu dalam belanja,2
ok bagus terima kasih membantu banget untuk kebutuhan ku masa pandemi virus ini,2
semua belanja di permudah oleh shopee terima kasih shopee,2
shopee indonesia sangat bagus,2
sangat terpercaya,2
mantap,2
mudah berbelanja dengan banyak pilihan alternatif tingkatkan pelayanannya hadiah game nya agar diperbesar plus ongkirnya juga terima kasih shopee,2
mantap,2
sekarang pengirimannya lama yg biasa hr sampai sekarang minggu lebih baru nyampe,0
super recommended dah pokok nya,2
sangat membantucepat pengiriman sesuai estimasi dan kurir sgt ramahterimakasih,2
iklan shoppe tuh jangan kebanyakan lah lagi main game iklan nya shoppe lagi buka chrome kepencet iklan yang muncul shoppedi youtube iklan nya shoppe lagi kadang kadang kalau iklan tombol x nya sering dibuat palsu biar kepencet iklan nya,0
matap,1
suka aja sih barang nya bagus sama murah meriah dan kalo kita perlu atau pengen beli sesuatu tinggal di cari apa yang kita mau langsung keluar deh,2
dari awal sampai sekarang sangat puas terima kasih semoga semakin berkembang,2
aplikasi shopee memang mantap,2
bagus sangat membantu kaum pemalas yg malas belanja offline 🗿🗿🗿 trusss ongkirnya dri jawa ke kaltim ga mahal kadang gratis ongkirr jugaaaa🙂💖,2
ampas co barang di batasi,0
suka belanja di sophielebih murah menghemat waktu dan tenaga tinggal klik bayar tunggu barang dtang,2
good,2
ok,2
sangat puas belanja di shopee,2
singkat saja ini keren🤩,2
sangat bagus pelayananya,2
sekarang d hp ku yang ramnya besar lancar banget pake shopeedan blnja apa saja alhamdulillah masih gratis ongkir,2
belanja di shopee sangat nyaman harga terjangkau kualitas produk juga bagus 👍,2
informasi komunikasi yg responsif,2
aplikasi penipu pengiriman lama,0
sangat memudahkan dalam belanja,2
jos,2
kapasitas kegedean bikin memeori penuh suka ngelag pula tolong diperbaiki dong,1
aplikasi yg sangat berguna,2
udah lama ngajuin retur ga ada respon malah di batalkan ga tau kenapa,0
pengiriman shopee skarang sangat lambat padahal bulan kemaren cepet banget,0
pelayanan shopee luar biasa saat pemesanan barang ga bsa berkata apa² pokoknya amanah top markotop,2
susah sekali masuk verifikasi wajah sudah puluhan kali nyoba tetap gagal,2
shopee the best selalu amanah,2
👍,2
bagus tapi banyak yg gak sesuai gambar,2
lumayan,2
sangat puas,2
tolong dong hilangin fitur double order kalo lagi pesen makanan jadi makin lamaaaa nyampe nya apalagi kalo lagi butuh makanan cepet,0
sangat baik,2
siip,2
keren banget shopee nya banyak diskon dan gratis ongkir pengiriman super cepat walau jaraknya sangat jauh lebih suka belanja di sini daripada di aplikasi lain sukses selalu ⭐⭐⭐⭐⭐,2
biar bintang 🌟yg berbicara,2
shopee sip,2
sangat membantu,2
lambat harus verifikasi wajah padahal cuma pindah perangkat lain password dan email sama no hape ingat semua padahal cuma buat beli aja,1
yamakasih buat shopeedah banyak membantubaik yg sibuk maupun tidakmemenuhi pa yg kita inginkanpuas west makasih,2
pelayanan yg memudahkan bagi kami yg sll sibuk cari waktu luang untuk belanja dan barangnya ok sesuai deskripsi harga pun cocok,2
paket gak pernah sampek ke tujuan tapi udah dibatalin di bilang pulak pembeli menolak malah kurirnya ngasih bukti fotoin paket trus dia sendiri yang mengang aneh kurir nya juga gak ramah bukan nya ngantar ke tujuan malah di chat dan di foto doang trus kalo saya balas chatnya gak pernah di balas cuma read doangeh tau² nya paket saya udah di balikin ke pembelitolong ya saya udah nunggu lama loh malah di kembali kan gitu ajaini yang salah kurir atau shoppe nya sih,0
joss sangat membantu,2
lelet pengiriman nya,0
is the best,2
aplikasi busuk udah bagus di tokopedia aja daripada disini,0
good 👍,2
oke,2
mantab lah,2
padahal pengguna lama tp makin kesini makin kerasa penurunan kualitasnya mulai dr pengiriman sampai fitur fitur yg sering error selain itu walaupun saya pengguna tapi jujur izin🫷🏻 iklan shopee ini ganggu bgt selalu muncul di mana mana bikin risih,1
bagus banget,2
mantep,2
oke,2
pengiriman sngt lama di beberapa ekspedisi seperti jt jne reguler maupun cargo,1
penjualan produk berkualitas tinggiselalu dijaga terus jangan kasih kendor bosqu,2
tolong adsnya dikondisikan lagi bacamain game tiba pindah ke aps shopee pdhl ga mencet apa muak sikap izin,0
selalu oke barang di shopee,2
sangat membantu sekali,2
kenapa tidak bisa digunakan,0
mantappplah untuk belanja jadi mudah,2
mantap,2
bagus,2
belanja di shopi indonesia mudah dan aman ayo kita belanja di shopi tidak di ragukan lagi apa yang kita butuhkan adashopi terpercaya buat saya,2
ringkas,2
pengiriman menggunakan spx smakin kmari makin lambat,1
aplikasinya lengkap dan mudah dipahami 👍☺️,2
pesen shopeefood eh kepencet pesan mau batalin gaada muncul tampilan pembatalan langsung aja pembayaran berhasil maruk bgt jd aplikasi baru kali ini aku kasih rating b abis ini aku uninstall chat cs jg gaada guna,0
iklannya tuh maksa banget kadang sebelum di sentuh layarnya udh beralih ke aplikasinya padahal lagi asik main,0
lumayan,1
ok,2
dana sudah terpotong namun transfer tidak masuk dana ga bisa di refund terakhir kali saya menggunakan aplikasi ini untuk pembayaran diluar aplikasi shopee untuk event shopping pilihan cukup bijak namun diluar itu jangan menggunakan aplikasi ini untuk pembayaran diluar aplikasi,0
pokoknya mantap,2
sarana media belanja online terpercaya,2
belanja mudah harga murah,2
kalo gak gacor bukan shopee,2
belanja di shoppe murah banget,2
coba aplikasi shopee di tambah fitur masukin nomer kurirnya biar klo paket mau sampe bisa di chat kurirnya,1
lu kenape hah bisa nggak jgan muncul terusgua kagak mau liat lu terusss gua juga banyak pekerjaanplisss,0
okeh,2
saya ngeri udah kali tiba ada notif dr shopee ngirimin kode otp padahal saya sama sekali kagak ada log in shopee yang tau password shopee saya jg cuma saya ada orang lain yang coba mau log in shopee saya bahaya kalau berhasil log in bisa pake paylater saya ntar saya yang dikejar buat bayar pdhl bkn saya yg pake parah,0
mantul,2
berguna,2
jos,2
aplikasi ini belum sepenuhnya sempurnaada beberapa bagian dalam menu aplikasi mengalami freze,0
bisa diem gk lu iklan lu dimana gedeg bgt dah ah,0
bad,2
tidak bisa cod,0
sangat membantu👍👍👍,2
makin kecewa sama shopee semenjak tak pakai jnt kini pengiriman super lemot bahkan sampai satu bulan belum nyampek aplikasi juga menguras batery dan data karena live video makin bikin kecewa tak ada solusi pasti apalagi yg paket agak besar dikit kurirnya malas kayaknya kalau seperti ini saya ucapkan selamat tinggal pada shopee,0
merugikan penjual sekarang potongan pajak nya naik jadi jangan jualan disini gaesss bad marketplace,0
gilaaaa pengiriman terlama menurut saya sih ini pake kurir shope lagi gwe kira bakal lebih cepet kaya toko sebelah malah lebih lama,0
pelayanan makin bagus pengiriman semakin cepat,2
okeeehmantabs,2
seneng pake shopee banyak diskon tapi biaya layanan nya terlalu mahal,2
bagus banyakpromo dan diskon,2
belanja hemat di shopee semua yang dibutuhkan ada di shopee semoga layanan semakin baik tempatnya mencari segala kebutuhan belanja yang praktis ekonomis,2
pengiriman nya jelek selalu melebihi dari estimasi pengiriman yang seharusnya mohon perbaiki lagi pengirimannya agar pembeli nya tidak menyesal jadi langganan shopee,0
spaylater saya dinonaktifkan padahal tagihan sudah lunas semua sudah mengajukan aktifasi tapi tidak ada kelanjutan,0
the best,2
kasih tindak punisment oknum seller grade star yang kirim barang tidak sesuai pesanan,0
sangat membantu untuk yang malas berbelanja keluar rumah,2
ribettttttt,0
iklan yang ditampilkan sebaiknya variatif tidak sebatas hanya yang sudah pernah dicari searching atau dibeli lalu lain hal kolom searching sebaiknya ga spam atau menyarankan ke produk dewasa kecuali di ketik manual ethic,2
kok gk bisa cod lagi padahal aku gk pernah retur atw komplan masalh pembayaran,0
goodddd,2
alhamdulillah sangat terbantu dengan ada nya shoppe,2
gj banget mau buka game pdhl gk ad iklan tiba aj nongol tanpa pemberitahuan ini udh di rencanaka apa gimana😭,1
bagus,2
belanja udah bnyak tpi spinjam tdk bisa,1
barang selalu sesuai hanya ada beberapa yg tdk sesuai vidio penawaran,2
halo sekarang futur cod ke almaat saya kenapa tidak tersedi lagi wyyy,0
barang dan apapun yg dijual di shopee ga bohong sesuai dengan apa yg di vidiokan ga sprti apk sebelah yg di vidiokan sma brng yg datang beda jauh dn ga ada kesamaan meskipun harga murah tpi berasa kena tipu,2
sangat bagus,2
penjual amanah,2
keren kalian salut buat kinerja kalian ndak salah pilih sama layananmu kamu satu satunya yg terinstall di hpku harapanku lebih tingkatkan lagi dan lagi kinerjamu lebih open dan peduli dengan customermu salam terima kasih,2
sangat tidak di anjurkan bagi penjual untuk berjualan di aplikasi ini dana penjualan yg harusnya bisa untuk modal kembali berjualan malah di tahan oleh sistem shopee dgn alasan pengecekan berhari dgn begitu membuat penjual menjadi rugi dr segi apapun,0
knapa gk bisa cod lgi,2
saya suka belanja di shoppe tidak pernah kecewa bagus pelayanan nya dam sangat bisa di oercaya,2
enak banget pake aplikasi nya,2
bagus,2
suka tapi kalo buka shopee langsung ke halaman live males banget kenapa ngga ke beranda aja sih,1
halo kak akun saya tiba keluar gk bisa masuk kembali itu gimana yaa kak,1
tempat belanja keperluan dangang terpercaya,2
bagus aplikasinya,2
biaya adminnya gede banget,0
belanja di shopee lebih mudahmurah dan bnyk diskon,2
semua baguscuma hal yang saya pusingyaitu paket telat dateng nyarata² haritelat nya pas di kurir motorpengantaran ke rumah,2
alhamdulillah tiap belanja di shopee barang bagus sesuai pesanan,2
gud,2
mantapp,2
barang datang sesuai dengan pesanan,2
good apk,2
belanja online nyaman,2
aisyah 🏩,2
bagus,2
mudah bonus melimpah,2
bisa ngga gak usah muncul pas lagi main game ato ngga lagi baca wp ganggu tau ngga tibatiba kebuka aplikasi shopee nya,0
sampai saat ini masih aplikasi online yang terbaik,2
bagusssss,2
membantu dan simpel tanpa harus keluar rumah dan ngantri ditoko apa yg dicari serba ada dan jangan salah pilih pastikan rating penilaian yg beli dan produk nya sesuai yg di sukai bnyk orngdan tidak tertipu produk abal abal,2
di jamin murah apalagi pake paylater mantap shopeee,2
sesuai dengan deskripsi,2
banyak layanan sangat recommended kak,2
belanja jadi mudah,2
sangat baguss namunn setiap saya belo paket pasti nga sampe rumah dan jadinya dibatalkan tapi no problem,2
keren diskon up to up to jt sempat dapat kali kasih voucher diskon yang lebih lagi dong min voucher shopeefood diskon rame rame mantap banget,2
selalu membantu n trbaik,2
klo sy beli satu barang dishopee pasti sesuai dgn pesanan sy sangat puas sekali berbeda sekali dgn yhg lainnya sy pesan apa yg datangnya berbeda,2
kayanya ini terahir saya belanja di shopeejasa kirimnya gila bulan ini saya perhatikan leletyg dulu dari bandung cuma hari skrg hari baru sampeklo paketnya gak di bawa keliling kota duludi endap di gudangnya yg lama sepertinya saya harus balik lagi ke ttk lg shope jelek pengirimanparah,0
dengan shopee semua terasa mudah puaaasss bangeet,2
bintang satu untuk kurir spx nya udah muak gw sama kurir satu ini semenjak kurir jnt g ada kurir sekarang udah g pernah nyampe rumah udah gitu minta uang lebih pula😞,0
beli apa saja gampang,2
sangat bagus,2
shopee the beast,2
ok,2
kereeeeeeen,2
paket yg dipesan sampai dg selamat barangnya bagus bagus kurirnya ramah lingkungan dan amanah,2
belanja di shopiee emang murah dan praktis tapi yang buat gak enak kurirnya entah kek mana kecewa sama kurir kurir sekarang 😌,1
banyak sukanya,2
aplikasinya nyebelin iklannya ganggu bangetttttttttttttt padahal gak di pencet maksa banget,0
puas skali dengan shopee,2
mantappp,2
hai shopee belanja disini enak murah bnyk diskon tapi pas saya ganti hp terus mau login lagi di apk shopee gabisa kenapa gitu ya,1
shopee tolong iklan di wattpad dikondisikan baru buka belum sempat baca udah langsung muncul ke beranda shopee pemaksaan banget si,0
sangat menyenangkan berbelanja di shopee gratis ongkos kirim dan tepat waktu,2
makin hari kok makin lama ya pengantarannya masa dari banjarmasin butuh minggu lebih biasnya cuma sampai hari doang apalagi kalo dari luar kalimantan malah lebih dari setengah bulan baru nyampe yang biasa cuma butuh minggu dari luar kalimantanapk bagus tapi pengantaran sangat lama 😵‍💫😴,0
membantu sekali aplikasii iniiiii🥰🥰,2
belanja shopee gk ada yg ribet mantaaap,2
aplikasi yg bagus,2
di shopee hrgannya memang murah cuma toko nya yang gak amanah saya pesan sendal d kirim cd cowo,1
bagustop markotop shopee😁👍,2
tidak bisa membayar dengan shopeepay padahal saldo cukup,0
gajelas banget masak gabisa login terus misi nonton shope tiba tiba beda harusnya gpp dong meskipun punya akun berapa aja,1
ini udah yg kesekian x nya tpi beda toko beda barang dan pelayanannya bagus semua baik semua termasuk kurir nya barang selalu dekat dengan ke adaan baik dan aman,2
shopee parah barang yg dibeli tidak sampai dana hangus dijanjikan pengembalian dana refund tapi hampir satu bulan tidak juga dikembalikan,0
mantab,2
sangat suka n memuaskan,2
semenjak shopee make ekspedisi spx paket sata banyak yg gagal kirim dibatalin padahal udh dlm proses pengantaran walau uang nya balik tapi saya kan udah nunggu lama buat pesanan itu parah bngt,0
proses pengembalian barang sangat merugikan penjualyg mana ongkir di bebankan ke penjual pasahal kesalahan kesalahan kebanyaka dari pihak expedisi,0
tadine layanan dan pengiriman bagus semakin lama semakin buruk pengiriman dan layanan dalam kualitas pengiriman,0
pelayanan bagus,2
belanja mudah dan gampang,2
terima kasih,2
puas banget belanja di shopee,2
pokoknya bagus dn top,2
saya memiliki pengalaman menggunakan shopee sebagai platform ecommerce untuk melakukan transaksi jual beli secara online dalam penggunaan seharihari saya terbiasa memanfaatkan berbagai fitur yang disediakan shopee untuk memastikan proses transaksi berjalan aman cepat dan efisien,2
ok di banding lazada serba mahal dan kena ongkir mahal kalo di shoppy jangan kayak di apk lazada yah 👍👍👍,2
baik,2
pengantarannya lama di tunda tunda trus,0
sangat bagus,2
aplikasinya mudah dan sangat membantu belanja barang online,2
mau tukar koin,2
tolong jt expres di aktifkan lagispx tambah parah leletnya,1
shoope pokoknya the best dech,2
terbaik,2
belanja yg mudah murah,2
b aja,2
buruk sekali pengiriman sangat lambat tidak terupdate sangat kecewa,0
mudahmurahcepat,2
manfaat bangettt,2
awas saja kalo jelek setelah di up nnti gua kasih bintang lg klo makin jelek,2
sangat membantu,2
bagus banget,2
istimewah besti chibi you,2
selama ini ok² aja,2
shopee we plislah yah knapakah mncul trus iklan shopee mu di apk lain klu sa lgi nnton sumpah sa jengkel pdahal sa tdk tindis tiba masuk trus ke shoopeenya😠😠,0
lebih percaya dg shoppie,2
licik,0
mantap lahcara jadi agen shopee galesong utara takalar gimana ya,2
masa lagi buka aplikasi lain gada angin gada hujan tb² kebuka shopee,0
bagus ada barang yg bener murah tp g murahandan ad juga barang yg murah vidio barang bagus yg datang g bagussmg para toko juga bs amanah yabarang harus sesuai vidiomksh shopee sukses sllsmg ke papua selatan juga bs gratis kaya djawa ya amin,2
makin hati iklannya makin menjadijadi aku main game bentar banget dan shopee udah kebuka sendiri lebih dari × tanpa aku mencet iklan apapun tolong dong kalau iklan tuh jangan yang sampai mengganggu banget malah karena iklannya yang ngeselin jadi banyak yang uninstall app shopee nya,0
sangat membantu,2
good,2
barang hilang penanganan sangat lambat dan sengaja tidak di perjelas padahal bukti jelas pula cs yang katanya prioritas saling lemparan mantap aplikasinya,0
shopee jos,2
sangat membantu,2
okey bgt,2
kecewa dgn shopie kebijakan yg buruk thd customer😏sperti toko yg tdk amanah dan customer retur barang krn tdk sesuai pesanan dan brg rusak tp cust diberi sanksi tidak bisa cod oleh shopie😏aneh beda dgn tik tok yg selalu mengutamakan customer jika toko nya tidak amanah bisa retur berkali dan cust tdk diberi sanksi oleh tiktokbaguslah untuk apa olshop kalo pedagangnya tidak amanah yg ada cust pada kapok belanja lagi😏,0
semakin lama pengirimannya,0
kemarin saya habis kena penipuan di shopee uang saya di shoopepay di tarik sama pelaku yang ngakunya karyawan shoope udah buat laporan di shopee tapi nggak ada solusinya tolong tingkatkan keamanan akun pengguna shopee buat pengguna shopee yg lain hati hati jangan mau terima telepon melalui wa mengatasnamakan shopee,0
mudah mendapatkan barang dgn harga terbaik,2
kapok pakai delivery instant by shopee ketilep saldo shopeepay paket direturn pembayaran nya tidak di return alesannya sudah lewat jam aduan sudah x aduan cs,0
terima kasih shope ok,2
lkun shopee ku baru tapi diskonnya tidak ada malah oengguna baru diskonnya abis pdhl belum dipakeee,2
memuaskan,2
sekarang ribet sistem di sini mau balikin barang aja stengah mati susahnya kyak orang ngemis amit amit padahal udh ngasih bukti sesuai sop tapi pengembalian tetep di tolak udh jelas salah tokonya yg ngasih rekomendasi ukuran salah pembeli yg harus rugi barang gx bisa di pakek kebangeten tim diskusi di shoppe,0
paket ku kek nya gak ada niatan buat di antar udah sebulan njir gak ngampek,0
pengiriman lama mesen tanggal harus tanggal datang ini sampe kerang belum datang barang nya mohon shop itu yang kerja lelet amat,0
banyak diskongrtis ongkir tapi kadang pas pesanan mau diantar ke rumah ngga dikasih nomor telpon kurirnya jadinya susahgabisa komunikasi sm kurirnya terkait pesanan yang mau diantar,2
semoga shopee jaya terus dan saya bisa dapat thr 😁😁,2
dgn ada nya shopee saya rasa terbantu untuk belanja di onlaen kerna ongkir nye murah tidak macam di yg lain semoga shopee semangkin sukses dan jaya selalu,2
dari sekian banyak tempat belanja online saya cocok dengan apk shoppe simpelmudah dan praktis,2
suka sekali,2
belanja di shopee puuuuuass banget diskon dan voucernya bikin belanja terus,2
jos,2
aplikasinya bagus udah dari dulu pake shopee karna kalo belanja selalu gratis ongkir tapi udah tahun akun spayleter ku di bekukan padahal gak ada tunggakan sama sekali dulu cuma telat bayar hari tapi udah aku lunasin sampe sekarang masih di bekukan padahal kalo ada spayleter lebih gampang karna kalo pergi pergi udah gak cod lagi,2
karna membantu saya ber belanja,2
over all ok,2
kebanyakan iklanmasa buka wattpad aja iklan terus,0
gajelas banget suka bgt produk produk gagal di kirim udah gitu numpang iklan nga bnyk banget,0
sangat cepat datang,2
mantul,2
iklan sangat ganggu lagi buka apk lain tiba tiba iklan sopi,0
hatihati sama ini aplikasi kualitas pelayanannya sekarang sangat buruk aplikasi nya mulai tidak jelas semakin diberi masukan semakin parah pelayanan dari shopee pihak developer pun mencaricari alasan saat pengajuan keluhan jadi untuk temanteman hatihati menggunakan aplikasi ini tidak ada jaminan untuk kita,0
menyangkan belanja murah dari rumah saja,2
bagus banget apalagi suka ada diskon,2
shoope amanah,2
selalu puas sama shopee karena ada diskon dan gratis ongkir setiap haridan pengiriman nya cepet dan amannwajib download dan beli di shopee🤩🤩🤩,2
sangat memuaskan dan gampang,2
good aplikasi love it😊,2
good job,2
mantap,2
apa apaan saya mau login malah gak bisa suruh verifikasi wajah gak sesuai aneh padahal baru aja beli shopee vip mana bonus chat gpt go nya gak ada bonus vidio juga gak dapet males banget,0
sangat membantu dalam kebutuhan orang berbelanja kebutuhan mohon selektif terhadap pedagang nakal yg menjual produk palsu,2
saat ini shopee aplikasi belanja online yang sangat cocok untuk kami yang jauh dan daerah kepulauan selain biaya kirim yang lebih murah barang yang dicari selalu ada dan harga masih sesuai pasaran pelayanan cukup bagus,2
bagus bgt deh intinya,2
terima kasih shopee yang sudah bikin berbelanja keluarga kami jadi lebih simple praktis harga terjangkau murah dengan aneka voucher terbaik nya ☆▪︎☆▪︎☆▪︎☆▪︎☆ semoga selalu bisa menjadi yang terbaik shoopee ✅️,2
puas,2
pelayanan lelet terus ga bisa ada kontak kurir sama pengiriman nya lama,0
sukses trss buat shopee nya dan buat penjualan lain nya juga sukses trss mantap poll kaya kaya,2
terbantu ada aplikasi shopeeterimkasih,2
sangat memuaskn belanja di shoopy,2
mantap,2
bagus,2
kacau banget ini shopee pas pengiriman luar jawa voucher ongkir minimal belanja ribunya g bisa d pakai,0
belanja di shopee luar biasa,2
saya sangat terganggu dg iklan shopee krn setiap saya buka aplikasi iklan shopee selalu muncul padahal tidak menekan menu apapun setiap di close selalu muncul lagi dan lagisangat memaksa sekali,0
terlalu banyak iklan memuak kanpadahal aplikasi sudah di hapus ehtiba tiba masuk shopee 😠,0
sangat sulit untuk mengajukan spaylaterspinjamnya padahal rutin belanja dan sedah pakai shopee bertahunan,2
mantap,2
nganggu baca buku buka wp lo mulu keluarnya ganggu maksa pengen dibuka kah shopeee sintinggggh,0
god barang nya,2
update apk versi trbaru error dan keluar masuk apkfitur pncarian tidak merespontolong perbaiki apk secepatyga bisa belanja jadiy,2
ok banget,2
aku mau beli paket data di shoppy kok terkendala oleh jaringan ya buka permainan di shoppy nggk bisa apalagi buka koin harian mau bayarnya pakek via bank susah bngt mending aku download aplikasi yg tokopedia ajalah,0
luar biasa,2
paket lebih terlambat dengan berbagai alasan ini itusampai sebulanan barang pun tak kunjung tiba,0
saya sangat senang memakai aplikasi shopee ini,2
siiip,2
all in pesennya di shopee hehehe,2
makin kesini makin banyak cacatnya layanan shopee terutama seller banyak seller makin lama makin ga bertanggung jawab cs juga kek binatang peliharaan ga ada guna sama skali saran saya mending kalian user pindah apk lain aja dari pada di buat kecewa terus tiap minggu dapat masalah terus belanja disini,0
jos,2
ni apk berguna tapi agak hama kalo iklan pencet layar dikit aja udh masuk ke shope udh di download juga dari lama masih aja iklan mana kalo udh kepencet mau masuk ke game nya ngulang lagi💔🥀 frrr,0
ok,0
bagus,2
beli di shopee yu murah loh,2
cacat sistem,0
belanja di shopee sangat puas dan nyaman tidak ribet sayang paylater saya gak bisa di gunakan krn pernah ada tunggakkan sebelumnya semoga nanti bisa di gunakan kembali😁👍,2
belanja hematmudahramahcepat ❤❤❤❤,2
kapok pake spx express paket entah dicuri atau gimana dari tgl sampai sekarang status pengiriman gaada update setelah dipick up kurir dari toko lapor ke pihak spx express juga gaada solusi,0
sangat membantu ketika belanja online recommended banget terima kasih,2
oke,2
oke,2
beneran dehkalo iklan tuh yg wajar dikit bisa nggak iklan shopee yg di app wattpad beneran ganggu bgtbaru aja buka wattpad belum sempet baca udah iklan shopeemending kalo iklan biasa lha ini iklan yg langsung masuk ke app shopee mana dibalikin ke app wattpad suka balik ke shopee lagi berulangkali yang wajar aja gitu kalo iklanini udah ganggu bgt soalnya,0
aalamat pengiriman tiba berubah ketika lokasi aktif padahal harusnya ga berubah karena saya masih di alamat tersebut ini mungkin bug sangat merepotkan saat memesan shopee food,0
semoga pelayanan makin bagus,2
bagus banget,2
sudah aman semuanya,2
belanja aman dan praktis di shopee selama belanja online di shopee belum pernah kecewa,2
berhenti ngiklan dimanamana ganggu,0
aplikasi top markotop,2
baik,0
bagusss banget buat belanja barangnya juga oke harganya terjangkau,2
ya allah shopeee lu bagus tapi kenapa sih iklannya tu dimana pliissssss pdhal sudh aku downld dan belanja disanaaaa tapi kenapaaaaa iklan lu banyak banget dimana,0
semua nya lengkap dan murah,2
semua nya jadi mudah,2
min tolong untuk pengiriman di banjarbaru ke balangan gak usah di bolak balikan ke banjarmasin spx express sekarang kek gabut banget memperlambat pengiriman ke arah balangan kalo bisa hilangkan salah satu tempat di banjarbaru atau banjarmasin supaya barang lebih cepat sampai ke pembeli min supaya pembeli gak pindah aplikasi ke aplikasi sebelah,2
seneng bget belanja di shopee bnyak diskon dan gratis ongkir,2
bagus tapi bnyk barang palsu,1
mantap,2
bagus,2
bisa gak stop iklan di wattpad jdi gk fokus baca klo iklan muluu🫵🏻 pdhl gak mencet apa tb langsung ke ap shope😤,1
sebellll bgttt kalo lagi main apk lain trus ada iklan shopee pasti masuk di berandanya padahal kitanya mencet tombol x tapi palah masuk di apk shopee mengganggu bgtt pliss,0
jasa pengirimnya spx payah parah engga profesional suka menunda pengiriman padahal paket udah sampe kota tujuan dri pagi hari bukannya dkirim ke alamat tujuan ini malah di tunda sampe beberapa hari,0
membantu dan memudah kan dalalm berbelanja,2
shopee indonesia bagus banget,2
mantap,2
sering berbelanja disini amanah dan terpercaya 🙏,2
potongan buat seller sangat tidak masuk akaljadi selama kita jualan di shopee semua keuntungan buat mereka🤣🤣,0
banyak promo gratis ongkir y sekarang pengiriman lebih cepat,2
upload foto pada saat pengembalian barang tidak bisa,0
goodddd,2
spx sekarang lama,0
cape bgt sama shopee padahal no gue udah bener tapi suruh verifikasi lagi dan lagi mana disuruh masukin kode ribet bgt asli kesel sendiri gue,0
mantap,2
kurir sangat baik dan sopan pokoknya produk nya juga oke,2
sigma boy,2
belanja di shopee puas dan menyenangkan 👍🏻😊,2
pengembalian dana lelet ribet harus verifikasi akun dulu lama bgt ga bisa langsung balikin dana ga kaya lazada lebih cepat dalam pengembalian dana,0
woyy jangan ganggu orang lagi nonton dong banyak banget iklan shopee nya mengganggu,0
kembali bintang 😍😍,2
cukup 👍,2
sangat memuaskan belanjan di shoppe sangat bagus,2
barang sesuai dengan pesanan,2
parah soppe kcewa sya sudah sring blanja byar ga prnah telatsdah mmber gold tp ngajuin paylater extra dan s pinjam di tolak trus cape ngajuin di tolak trus brbulan smpe ganti tahun prcuma sring blnja limit sgtu trus gda dampak ke sya mnding kredivo sring blnja tp cpet naik limit trbaik kredivo mnding hpus ja akun soppe,0
bagus,2
jangan ragu untuk belanja di shope nikmati kemudahannya juga keramahtamahan para sellernya,2
lebih mudah belajar dari pada yang lain,2
suruh hapus akun doang akun juga punya gw ribet bet,0
bagus selebihnya adalah pokoknya,2
banyak manfaat,2
tolong lah jangan ada upgrade apapun di shopeepay 😭 no hp nya yg lama ga bisa di pake lagi kirim uang jadi susah tau,1
the best murah meriah,2
plisss ini gimana yaa akun saya ga pernah bisa saat login padahal sudah masuk ke akun yang benar dan juga sudah verifikasi bahkan kode otp nya sudah terkirim tapi kenapa setelah itu malah muncul tulisan maaf kami tidak bisa memproses login kamu karena masalah keamanan aneh banget padahal gapernah ngapa ngapain saya cuma mau balik make shopee aja tapi susah banget,1
pengambilan keputusan tak jelas tak adil,0
keren,2
sangat membantu buat yg di pelosok semoga makin ke pedalaman lagi mengembangkan perekonomian indonesia sampai ke pelosok,2
ini shopee kenapa woyy tiap kali aku buka wattpad selalu ke pindah otomatis ke shopee padahal layar nya ngk di scroll sma sekali,0
belanja online yaa di shopee aja recomended dechdi jamin ga bakalan nyesel,2
jelekk,0
baik,2
belanja praktis dan nyaman di shopee,2
“saya sangat puas belanja di shopee produk sesuai deskripsi harga bersaing dan pengiriman cepat” “pelayanan dan kualitas barang sangat memuaskan saya pasti akan belanja lagi”,2
aplikasi tidak mendukung pembayaran dana dan hanya mempersulit pembeli ketika pembayaran tidak langsung,0
shoppe indonesia is the best pokoknya 💪💪💪 shoope indonesia tetap yg terbaik 💪💪💪,2
shopee is the best👍🏼👍🏼👍🏼👍🏼👍🏼👍🏼👍🏼👍🏼👍🏼👍🏼👍🏼👍🏼👍🏼👍🏼👍🏼👍🏼👍🏼,2
banyak promo nya,2
shopee tidak seperti dulu lagi sekarang shopee sudh berubah menjadi pelayanan sangat burukterutama penghantaran paket tidk selalu tepat pada tangglselalu menunggu terllu lamaterutama penghantaran hari lalu menjadi hari baru sampai ke alamat itu sungguh menjengkelkan bagi pembeliterutama yg menggunakan geratis ongkirtidak saya mohon jangan d peroses terllu lama d gudangpembeli itu sangat d rugikan dgn waktu jika pelayanan tidk lagi mampu untuk bekerja dengan baik bending ditutup,0
ga bener ngabisin duit,0
ok,2
baik,2
mantap mudah amanah,2
bagus,2
pokoke keren,2
sekarang shopee lebih murah dan saya sangat suka sekali belanja di shopeebanyak diskon dan ongkirnya lebih murah,2
untuk barang nya tidak pernah salah sekarang pengirimannya shopee yg mengecewakan klo memang tidak sanggup ya berkerjasama dgn ekspedisi lain or tidak mau rugi monopoli barang dari tgl tidak dikirim malah dikembalikan ke penjualnya yg katanya express itu barangku yg dikembalikan tidak tahu barang yg lain yg dipesan nasibnya hanya kurir mereka yg tahu 😊,0
jos mantap,2
belanja di emarket terbaik bosku memang pas buat rakyat indonesia,2
semoga barokah aja dr kuu,2
aplikasi tidak di rekomen karna apa dan terulang lagi estimasi kalian rubah dengan sepihak tahun baru bukan nya ada perubahan tapi kemunduran,0
kenapa yah k saat buka aplikasinya terus scrol ke atas bawah tampilannya lamalaletpadahal updet aplikasinya sering,2
bagus dan banyak pilihan,2
ok dah no coment,2
kenapa pas buka aplikasi langsung di arahkan ke live kan gak semua user buka shope mau nonton live dan balik ke beranda juga susah banget sama satu lagi kebanyakan iklan kesannya maksa banget,0
toplah sya sdh lma pke shopee dn sya puas dngn plyananya,2
kadang sesuwai ya kadang ada yg gk sesuwaitapi ya cukup puas si amanah lah kesalahan dikit bisa dimaklumicuman mari berbenah saling jujur dan amanah biar lancar semua🙏,2
untuk barangnya sih tidak pernah salah tapi sekarang pengiriman shoppe sangatlah mengecewakan klo memang kewalahan bisa kerja sama dgn ekpedisi lainor tidak mau rugi monopoli barang dr tgl tidak dikirim malah dikembalikan ke penjual tgl yg katanya express brg dikembalikan tidak tahu brg yg lain yg dipesan apakah berakhir dgn cara yg sama hanya kurir mereka yg tahu 😀,0
puas mantap sope solusi buat belanja ngak ribet,2
kadang gk sesuai barangg klo dtgg,1
bagus banget,2
selalu memudahkan untuk berbelanjatingakt terus shopee,2
sangat membantu saya yang males langsung ketoko wkwk,2
sekarang pengiriman lambat gak kaya dlu,0
paket aku banyak yang tercancel teruss katanya ditolak pembeli tapi tdk ada satupun kurir yg hubika aplgi antar kerumh,0
puas sama pelayanan real pick barang y,2
gratis ongkir jembot gratis ongkir kok cuman kepotong,1
terima kasih koin nya semoga berkah,2
terbaik dan sanggat membantu mudah dan terpercaya,2
kalau bayar lemot,0
iklannya menjengkelkan di setiap app lain di buka baik game atw app yg lain yg beriklan iklannya shopee paling mnjengkelkan iklannya menipu tanda silang d i iklannya palsu,0
🥰,2
sangat bagus,2
sangat memuaskan,2
ok,2
sumpah ganggu gak di klik apaapa tetap muncul sendiri padahal gak perlu iklan juga dibuka tiap bari,0
sangat bagus dan beanfaat,2
fitur cod di non aktif kan apalah,0
dapat banyak potongan harga dgn voucher barang yg kecil biasanya dpt gratis ongkir trimakasih shopee sangat membantu dlm pembelian barang yg ta butuhkan,2
barusan update malah ngga bisa dibuka sama sekali tumben baru kali ini,1
muaksemua pengiriman lama,0
mantap smg poin yg dibagikan nominalnya tambah banyak,2
aplikasi yg bagus,2
aplikasi shope emang terbaik👍👍untuk belanja skinkare pakaian lebih baik di shopee aja karna murah dan ongkirx juga ga mahal amat,2
iklan lu nyebelin banget anjir di mana di semua aplikasi dah gw tonton sampai selesai baru gw klik tanda x ehhhh lu mulai lagi ngiklan dari awal maksa banget lu kalau orang mau beli barang lu gak usah lu ulang berkali kali iklan lu itu ganggu banget ngabisin kuota gw,0
aplikasinya error selalu nutup sendiri ketika dibuka aku udah uninstal terus install berkali kali clear cache masih juga nutup sendiri kuota masih banyak gb penyimpanan memoripun masih byk gb tolong ya pesanan gue masih ada gimana gue mau check pengiriman dan klik bayar kalo error melulu,2
baguss bangettt woy lah akghhhhhrrr bagoss kale wakkkelenn kalo belanja disini aja jgn di lite ya guyss disini kalo aku cmn hari aja dh nyampek,2
aplikasi belanja online yang rekomendet,2
sangat membantu sekalirespon nya bagus bagustop banget,2
goks,2
sangat membantu untuk ibu yang malas keluar rumah seperti saya,2
sesuai pesanan dan mudah,2
shopee emgg uda trknl dn terbukti siii,2
iklan ngeselin jumpscare tiba²,0
kenapa tdk bisa cod lagi punya saya padahal udh brp kali mode transfer dilakukan,2
saya suka belanja di shopee krn kebanyakan amanah hny ada beberapa yg tdk amanah tp shopee msh tetap jd tmpt faforit belanja ku,2
bagus,2
jelek,0
shopee tuh beneran ngebantu banget buat aku yang mager kemana mana tapi mau belanja ini itu apalagi harga flash sale nya tuh parah banget beneran semurah itu belanja di sini wajib download kalo kata aku sih👍🏻,2
puas,2
aplikasinya bagus buat mesan barang apapuntapi saya ketenu masalah saat melakukan penilaianitu loadingnya lama bangget mutermuter terusdan ga ke kirimharus keluar dulu masuk lagiitupun kalau sekali jadiada yang harus beberapa kali baru bisa kenilaipadahal mau ngumpulin koinyalumayan banyak pesanan saya yang ke kumpul belum di nilaipass ada waktu buat nilai malah kayak gitutolong buat di perbaiki yabintang nya kalau udah lancarmakasih,1
shopee bagus harga terjangkau free ongkirbelanja jd puas,2
shoopee keren pokoknyatidak bisa dibilang dengan kata katahehe,2
okeee mantan,2
top,2
mantap dah,2
keren,2
sangat puas blanja d shopee semua ada dn pengiriman nya jga cepat tks shopee,2
ngadain vocer giliran di beli malah langsung otomatis d batalin kalau gk mau rugi jgn ngadain 👎🏻,0
pengiriman tepat waktu sesuai perkiraan 👍,2
saya kecewa pengembalian dana di tolak barang yg saya kembalikan utuh segel tetapi penjual malah bilang sudah di bukasaya sangat kecewa,0
saran kalo kuota promo habis sudah melebihi kuota harian harusnya diberitahukan keterangan kuota harian habis diatas kolom pembayaran supaya saya bisa melakukan transaksi dilain waktu,0
sangat memuas kan😁,2
mantap,2
tolong la pihak shopee kurir yang g proposional di rumah kan kami kecewa apa lagi di teluk kuantan kurir ya kurang sopan sudah paket lambat datang,0
hati sekarang di shopee uda gk aman gue cobarang sampai tapi isi paket nya gdabobol nta kurir nya yg teledor gk mereksantah shopinya atau mungkin memang belum rejeki ku,0
matap pengiriman cepat dan kulir semuanya ramah matap bosku,2
berguna bagi saya,2
dapat memuaskan pembeli dan harga yang murah meriah 😊,2
pengiriman tepat waktu barang sesuai pesanan apabila ada yang tidak sesuai bisa dikembalikan,2
memuaskan,2
sangat bagus,2
mengurangi berkenndaan dan aman,2
good joob,2
good,2
mantap dan oke,2
mantab,2
good luck🤞,2
tempat mencari cuan dan membelanjakan kembali wkwkwkkwwk sahabat hidup aku sehari hari pokoknya mah,2
mantap shopee,2
bagus,2
aduh setelah di update bikin pusing ajasaya beli paket internet dgn aplikasi my telkomsel dgn pembayaran shopee pay tp tdk ada info pembayarannyagimana donk shopee,2
lambat,0
dg adanya shopee banyak membantu sy dlm berbelanja online tapi namanya belanja online kadang barangnya yg dateng gak sesuai ekspektasi tp masih okelah,2
sangat memudahkan dalam berbelanja apalagi buat buibu yg males keluar rumah,2
belanja di shopee menyenangkan dan puas bangett,2
sangat puas,2
oksangat puas belanja di shopeebanyak toko nya barang nya mantul,2
aplikasi nya bagus cuma kita kadang yang salah pilih toko jangan lupa setiap memesan barang atau produk perlu di perhatikan setiap rating dan post di toko jenis produk yang di inginkan supaya tidak mengecewakan sebelum melakukan transaksi atau cod terimakasih 😊🙏,2
sangat puas belanja disini banyak pilihan nya juga,2
semakin murah semakin banyak peminatnya,2
kapan datang nya paket ku ni tanggalan kok di undur undur,0
ka knpa ya spaylater sy tdk bisa d pake sdangkan limit msih fulldan tdk prnah telat byar,2
iklan mulu ke shopee,0
aplikasi gk guna masa mesen produk di retur mulu sama kurir saya udah x mesen tetep aja di retur,0
label kualitas merchant mall ori nya skrg meragukan tolong di filter lagi lah jangan mentang dapet label mall ori berbayar tapi kualitas abal,0
bagus banget,2
plis deh kenapa si iklannya tu ganggu banget ga dipencet hayo aja masuk otomatis ganggu tau,0
semua yg di cari hmpir smua ada🥰,2
baik dan sangat membantu,2
easy way👍,2
bagus,2
please bngat ya buat app shopeekurangi nyampah di app lain,0
sangat bagus,2
shopy ok,2
tolong sekali ya shopee ini saya cuman mau baca wp kenapa anda tiba tba muncul iklan padahal udah iklan pas mau mencet silang lah malah ke app nya pliss pas udah masuk ke wp nya anda malah iklan lagi tiba tiba udah ada di toko orang tolong ya sekali lagi iklan mu itu sangat sangat gai berguna kalau ada promo bisa promosikan iklan aja gausah beribu ribu iklan mana iklannya berlapis lapis lagi capek tau gak,0
banyak diskon dan gratis ongkir tapi datangnya lama,1
mantap,2
username bintangdarmaalif limit shopee paylater pinjam lama tidak naik selama lebih dari tiga bulan padahal saya sudah memakai lebih dari tiga kali dalam sebulan apakah saya berhak mendapatkan kenaikan limit,0
mantab,2
pengalaman belanja sebagian besar memuaskan semoga terus ditingkatkan layanannya,2
pesanan sudah sampai cukup puas,2
ok,2
minta perbarui terus tidak bisa untuk belanja sistem pembayarannya sering error,0
good penjualan online,2
sanagat puas dan terpercaya,2
ok shoppe,2
bosen bgt sm pngirimn yg lmbat spx anteraja ap lh itu pokony skrng shopee lmbat pngirimn gk ky dlu hr smpe,0
aku suka apk ini murah sesuai pesanan ada potongan harga blnja lebih hemat love you deh buat apk shopi,2
mitra bisnis pedagang kecil,2
bagus,2
selalu sesuai barang yg kostumer pesan harga terjangkau,2
baik ji,2
terlalu lama shoppe lbh baik pindah ke akun lain lambat caranya udah hampir hari proses pengantaran ngak dtng munkin jalan di temapt kita sudah mau pke ngak datng,2
biaya layanan sangat tinggi sekarang sudah tidak bagus jualan di shopee ini bagaimana seller bisa menyediakan produk yg terjangkau kalau biaya layanan sangat tinggi begini,0
mudah melakukan pembayaran,2
shopee layananya buruk pesanan saya selalu di tunda banyak alasan pesanan tidak tepat waktu banyak kekuranganya,0
sangat memudahkan senang sekali pakai shopee,2
sy sangat suka dengan shopy,2
aplikasi belanja online paling bagus jelas dan mudah dipakai,2
makasih,2
aplikasi sangat membantu tapi kualitas video promo dan iklannya boros kuota,2
slalu puas belanja d shopee note buat para pembeli ni ya sblm kalian bayar pket cod klian mesti liat totalan dlu d apk shopee ny krna kurir skrng udh mulai nakal klo d tnya brp total ny bang suka d lebihin sma kurir mna bnyak lagi lebih nya klo misal kita hitung ulang slalu aja alasan ny mf bu td saya salah hitung soal ny udh téjadi x sma aku pas yg ke ny aku sengajain dan itu td alasan ny slh hitung,2
banyak penjualan dan penipuan labih baik beli ke toko retail tetangga aja dehuninstallshopee umkm bangkit tanpa olshop,0
platform paling mudah penggunaan nyabuanyak banget promo nya,2
mantap,2
ok,2
sangat puas dengan platform shopeepenggunaan mudah karena didukung ui yang friendlypelayanan bagusreseller yang baik,2
bagus membantu,2
seru bisa cari barang yang bagus,2
bagus,2
bagus,2
aplikasi belanja nya ok kurir spx yang nggak oke bedakan dong layanan kargo hemat dan reguler reguler bayar ongkir pakai spx sampainya sama dengan layanan kargo hemat hadeh gimana ini spx,0
sangat baik,2
tolong dong jangan ikut²an nimbrung iklan diwattpad masa lagi enak² baca wattpad tiba² nyambung iklan di shopee berkali² lhoo nggak usah kebanyakan iklan juga gua pasti check out kalau ada duit so please stop spam iklan di wattpad,0
marketplace terlengkap dan sering kali mengeluarkan sale,2
baru pertama kali belanja sih kurangnya sampel prodak yang diminta tak kunjung ditindaklanjuti oleh tuan toko,2
iklannya sangat menggangu bahkan ada di situs penuh virus,0
alhamdulillah pelayanan shopee bagus pengiriman cepat dan aman barang yang dikirim sesuai pesanan semoga shopee tambah maju dan dipercaya saran jaga amanah jangan sampai mengecewakan pelanggan,2
bagus aku suka belanja di sini tapiii kalo pas aku mau retur barang selalu ditolak shopee padahal aku dah kasih foto buktinya detail bgt ku foto semua astagaaaa berkali kali selalu ditolak kecewa banget saya,0
s pinjam tidak pernah telat tapi sulit digunakan kembali jadi males maau bayar kalo begini ga semngt,1
assalamualaikum 🙏 terimakasih atas sarana aplikasi sopie asbab ini belanja jadi semakin mudah dan lebih komplit engga perlu capecape keluar tinggal nunggu aja dirumah saran nya banyakin kessback dan diskon,2
lumayan hemat,2
sangat berkualitas,2
ok,2
shope terpercaya amanah oke banget,2
mantap,2
selalu menunggu disc² nya,2
pertahankan 👍,2
baik,2
enak banget pakek shopeebanyak voucher ditambah ada cashback setiap belanja dobell cuan nya,2
kecewakenapa sekarang shopee buruk banget auto pindah ke yg lainjasa kirim kita gk bisa milihkan jadinya mahal bgtq tuh dah tau mana jasa kirim yg baik gk perlu lah shopee bentuin giniauto uninstall nih apoikasi,1
bagus sih apk shopee untuk belanja harganya juga murah minesnya lambatttt bgt kalo soal pengiriman kadang bisa nunggu minggu lebih,1
aplikasi nya gak guna banget setiap pesan selalu gagal gak bisa dipencet lemot sana sini but hp rusak batrei terkuras habis,0
orang lain ada top up games di saya tidak ada tolong perbaiki,2
ok,2
semoga akun saya bisa codan lagi,2
pelayanan baik,2
setelah update malah ngebug ga selancar sebelumnya,1
terimakasih shopeeadanya app shopee sangat terbantu sekali,2
makin ramai orderan,2
di singkawang ada driver shopeefood tp untuk paket gk ada pengiriman instan,0
banyak iklan di setiap aplikasi,0
top mantab siip,2
ok,2
mantap,2
kurirnya semau jidad jenongnya aja kalo nganter marketplace yang sangat buruk 😭😭😭,0
semoga kedepannya shopee tetap jaya dan selalu mengedepankan yaitu tentunya selalu amanah amin,2
god jobs,2
kenapa ya min akun spaylater saya dibatasi karena kebijakan internal,2
goodpokoknya good,2
mantap,2
aplikasi bagus tapi spx sangat lambat,1
bagus sudah tidak ada toko yg nipu sukses sll buat shopee,2
bagusmeskipun kadang ada barang yg g sesuai dgn yg diminta,2
sangat informatif,2
sangat puasshopee yang terbaikmembantu sekali belanja di shopeemantap,2
barang bagus harga nya murah rasa bermimpi saya beli pisau nya dapat harga murah,2
bagus barangnya sesuai dengan yang di iklan,2
login susah kali kaya na ngelamar jadi pengantin,0
top shopee cuman sekedar saran buat belanja online dan khususy pembeli yg belanja online jangan tergiur promo apalg si penjual pd saat kita chat lalu disuruh menghubungi ke no hpwa ke no tsb jgn mau krn itu modus penipuan dg alsan cuman numpang promo itu boong belaka khususy nih shopee tolong berantas yg modus penipuan apa lg disuruh ngechat diluar app shopee khusus belanja online yg lain jgn sampai shopee tdk dipercaya lg sama masyarakat tolong disharing ulang yg masuk si penjual,2
harga terjangkau dengan barang yang berkualitastapi jangan terlalu tergesagesa pilihnya biar sesuai ekspetasi ya,2
terima kasih barang datang dan sangat bagus puas belanja ditoko ini,2
gua download ini karna mau dapat diamond ff 😎😎😎,2
barangg nya baguss baguss lengkapp tapii walaupun ada penipuan juga sihh hehe,2
makin nyaman belanja di shopee pengiriman cepat dengan pilihan produk melimpah gasken,2
bermanfaat,2
masih ada aja yg jual fashion barangnya ga sesuai gambar dan deskripsi kasihan yg bener amanah,1
terima kasih shope 🫰♥️,2
pengalaman pengembalian barang mudah dan cepat👍👍👍,2
baik,2
peminjaman shopee paylater juga enak mudah banget semoga limit spaylater naik jt😁,2
coba benerin map nya kenapa pesennya dimana anterinnya ke depok payah,0
wahh,2
jgn mau belanja disini barang telat dtang dan seenaknya buat aturan dan tidak bisa dibatalkancoba salah siapa dana ndk dibalikin byk alasanpengalaman burukndk lg pesan disini,0
itu msh ad dmn,0
suka bnget belanja tapi knp sihh sistem cod nya hilangg,2
ya ampun semenjak awal desember sampe awal januari pengiriman jadi sangat lamaa estimasi hr jadi sampe hr bayangkan pesan dalam satu kota sampe hr baru diantar pdhl dr seller dikirim di hari yg sama terpaksa kedepannya pake pengiriman lain,0
terpercaya,2
aplikasinya bagus,2
puas banget lah pokoknya toko online yg sangat memuaskan,2
murah bgt bnyak diskonnya i love shopee😘,2
sangat bagus,2
sangat puas,2
terima kasih berkat apliakasi shopee belanja tidak eibet lagi,2
bagus sangatt okeee aku suka bangett,2
semua pelayanan sangat baik,2
parah aplikasi shopee skrgga kayak dulukiriman regional kok sm aja terlantar nyalebih paket hemat lama nyamalah kalau ga komplain ga ditanganimendingan tes aplikasi sebelah deh,0
sudah lebih baik dari versi sebelumnya cukup dulu karena masih banyak iklan gambar barang ditampilkan dengan harga yang bukan sebenarnya seharusnya untuk barang yang berbeda tipe tidak perlu ada dalam satu iklan kecuali warna dan ukuran karena barang lain tersebut bisa ditampilkan pada barang rekomendasi serupa,2
bagusss,2
puas bangt blanja d shopee ngga mengecewakan,2
saya sudah sampai kali lo lapor ke pihak shopee food terkait saya belum bisa cod di shopee terus sekarang saya dibilang tidak menyelesaikan pembayaran cod coba lihat history akun saya asal aja bilang saya melakukan aktivitas mencurigakan coba dibantu lah saya lapar sampai kali loh nggak ada perubahan sampai sekarang apa sih maunya shopee voting pokoknya kalau shopee food ini nggak bolehin saya cod dengan alasan yang nggak pernah saya lakukan saya doakan bangkrut saya doakan gak ada yang,0
bagus,2
pesanan di batalkan terus dari pihak shoppe pdhl sudah pake akun saja tp tetep ga bisa co busukkkkkkk,0
respon seller kadang slow,1
ngebug co ngga bisa ngetik,2
sorry ya aku kasih bintang karna capek akutu ama iklan ni aplikasimeskipun aku sering gunain ni aplikasibagus tp tetap aja iklannya nyebelinkek maksa bangt biar dilihatbayangin aj lagi seruny baca wattpad tibamasuk ke aplikasi 😭jd ganggu mood tau gk😭plis lahh tolong diperbaiki😭,0
mantap,2
bagus,2
kalau pengiriman ke aceh kok blm ada yg jalan ya semua pesanan nya masi di kemas semua,2
jasa kirim spx kek taiii,0
sulit login akun gw banyak yang hilang padahal nomer tlp masih ada,0
jos jis,2
puas dengan shopee,2
saya sangat suka dengan apk ini,2
gak bisa di update,2
barang barang yang aku inginkan sangat lengkap,2
sangat senang dengan pelayanan kurir maupun penjual merchant uang komplit mau apapun tersedia disini so ini pilihan tepat buat kalian memilih belanja online di shopee,2
iklannya sangat sering menipu,0
keren,2
membantu belanja tanpa kluar rumah,2
kenapa tidak bisa daptar yah,2
slalu ketagihan belanja tanpa ribet,2
selama pakai shoope ini blm ada barang yg sy order mbleset tdk sesuai kedanfan pun beberapa lebih cepet dari levering saat pemesanan on time ga ada yg telat sip bagus sangat membantu kita yg hari²nya kerja pagi sore bahkan malem balik dah capek males kemana² beli di shoope kayaknya ada semua terimakasih 👍🏻🙏🏻,2
shopee indonesiatempat belajar yang aman,2
puas banget belanja di shopee 🗿,2
saya lebih suka belanja di shopee ongkir murah dari pada yang lain,2
tolong dong min di tahap akhir pengantaran barang kerumah tolong di kasih tau nomor kurir yang antar supaya mudah menghubungi terkadang pihak kurir mengklaim sendiri bahwasanya paket tidak di ambil padahal dihubungi pun tidakk ini juga sebuah masalah yang harus diperhatikan juga dan kenyamanan kemudahan bagi konsumen tolong buat sistem ini seperti apk sebelah terimakasih shopee indonesia 🙏,1
stabilmantap bermanfaat friendly user,2
ok banget top,2
spinjam penjual blum muncul padahal uda lama akun sya sya penjual tolong di cek dan di munculkan kinerja ya tolong bantu,0
senang belanja,2
iklan nya berlebihan banget dan meresahkan bikin ga nyaman saat liat apk lain tiba masuk ke shopee,0
sangat membantu ongkir selalu gratis dan jika ada refund gampang,2
sangat bagus top,2
best,2
bagus memuaskan,2
busuk,0
gak ribetco tinggal nunggu barang datang,2
banyak kendala paket muter ga jelas suka salah jalur estimasi selalau di mundur mundurkan pas ditanya katanya kendala operasional,0
ok,2
makasi shopee gratis ongkirnya tapi iklan lu ngeselin sumpah ga pencet apa apa masuk ke shopee sendiri gajelas lu shopee kalau bisa diperbaiki deh coba boleh iklan tapi jangan masuk ke shopeenya jadi males banget perbaiki ya shopee,0
mantap,2
bagus sekali,2
pengiriman sering bermasalah cs tidak peduli percuma chat sc tidak ada solusi,0
sangat puas berbelanja di aplikasi shopee 👍👍👍,2
selama saya pakai shopee oke oke aja tpi akhir akhir ini shopee lemot banget datengnya dulu cmn hari sekarang hari datangnya,2
sangat senang dgn aplikasi ini memudahkan per belanjaan seperti sy yg mager klu mau keluar 👍👍👍,2
kenapa pelanggan selalu dipaksa pakai ekspedisi spx yg selalu bermasalah dan terlambat tertunda sampai berkalikali dalam pengantaran paket,1
bgus bngt,2
baguss,2
saya pengguna platinumudah vip juga tapi kenapa pesanan saya sering di batalin shope otomatis dengan alasan melakukan aktivitas tidak wajarharusnya shope seneng dong kalo saya terus belanja bukan malah di batalin terus,0
gimana sih kok ngelag teruskukira hp ku yg jelek ternyata aplikasinya emang bug tolong dong kualitasnya dinaikin lagi dikit bug dikit bug,1
pengiriman terlambat makin parah,0
bertahun pake shopee belum ada kendala semoga gak ada kendala ya min update apl sering keluar sendiri,2
game telurlucky prize nya kembalikan spt dulu dong admin krn skrg jd tiap jam di detik sll fokus pecahin telur terus jd mau belanja sll ga bs santai nyari produk yg dibutuhkan mdg spt dulu jam brp pecahin telur kmd jam brp bs jp pecahin telurnya gt tp ga tiap jam ber jam baru bs jp gedeke nya jd buang wkt di telur bkn buang duitkoin buat belanja di shopee mlhan jd nya tolong dievaluasi lg game lucky prize nya admin tq,0
sangat baik,2
mantap shopee,2
barang baguscepat datangkurir ramah,2
bagus,2
nggak bisa cod anjirr tolong kembalikan dlu fitur cod,0
barang yang dikirim banyak bagusnya daripada rusaknya pilih toko yg bener bagus dan amanah yahjangan lupa lihat review pembeli lainsemoga laris manis dan sering ada diskon dari shopee,2
estimasi tiba kenapa selalu berubah,2
sangat membantu,2
sangat bagus,2
bagussssssssss bngettttt,2
bagus banget,2
bagusv,2
tiba akun saya di batasi,1
sangat puas,2
mantap,2
bagus sekali,2
iklan nya gangguin banget anj,0
belanja murah,2
setiap belanja di shopee lumayan lahhbarang nya belum ada mengecewakanokshopee lanjut trus,2
shopee kok tambah mengecewakan beli pulsa di shopee sda dibayar pulsanya gak masuk,2
pelayanan lambat habis itu di tunda tunda pesanan saya memang burik,0
siip,2
bagus,2
sangat membantu sekali,2
gtau deh kalo gada shopee 🤣🤣🤣 beli apapun murce bangettt 😍😍,2
baik,2
mantab pokoknya mah,2
aplikasi shopie jngn terlalu banyak iklan sangat menggangu ketika cari belanjaan,2
suka bngt blnja di shopee real ga ada toko yg fake,2
aplikasi sangat menyusahkan masak saldo pendapatan lama banget diverivikasipadahal kita sebagai seller juga butuh biar cepet muter uangnya potongan sangat besar lagiii🤧,0
skarang shopee sering batalkan pesana byk aturan sekarangpromo tidak berlaku lagi klo kita pake lgs dibatalkan oleh sistem mending pindah ke ijo aja,0
pengiriman tepat waktu,2
kenapa pihak shopee kok ada yang mempersulit masalah pendaftaran bikin orang jadi emosi aja,0
mantap,2
bagus,0
nggak jelass eh reguler pun masihhh bisa lambat scan penerimaan barang dari penjual aja sampai butuh harii kurir nya ngapainn kocakkk main ceme,2
blnja apa saja ada dan mudah,2
yang paling utama free ongkir,2
shopee lma pengiriman nya lmbat brg gk sesuai yg dtg udh gtu jrg bgt yg msh utuh pketnya smpe lokasi,0
bagus bangett,2
ok,2
fitur cod nya tidak aktif,0
sekedar saran dari saya min sebaiknya untuk pengiriman terutama untuk kurir sebaiknya untuk waktu pengiriman di kasih kolom nomor kurir biar memudahkan pembeli terutama yang paket cod terkadang pembeli gak di rumah atau keluar kalau tertera nomor kurir kan enak bisa langsung konsultasi ke kurir langsung jadi enak proses pembayarannya sekian terima kasih,2
dengan adanya shopee kita lebih mudah mencari barang dg mudah dan juga lebih murah apalagi ditambah discon promodan gratis ongkirmantab dah,2
mantappp dan sangat memuaskan beli di shopee 👍🏻👍🏻🥰🥰,2
sangat puas dan bermanfaat,2
pesanan yang di beli sesuai pengiriman cepat,2
hpnya harus kuatttt,1
aplikasi tidak berfungsi semestinya aplikasi belanja tapi isinya sampah seperti video tdk jelas ketika jaringan kurang stabil semua resource data internet habis mengunduh video sampah sehingga tdk bisa menyelesaikan chekout bug belum selesai juga njirrr,0
semakin lama ini shope smakin gila paket aja udh di kabupaten malah menjauh trus lama bnget pengiriman nya percuma klau pesen di apk ini,0
shopee mantap dan amanah,2
bisa berbelanja dengan sesuai yang kita mau,2
terbaik,2
shopee memberi pengalaman yg menariksaat ini kualitas pelayanan semakin bagus dan terpercayajangan ragu beli di shopee,2
aplikasi sangat membantu dan terpercaya,2
memudahkan semua produk mudah ditemukan selonjoran barang datang kerumah cuma mohon diperbaiki soal owenr toko yg tidak amanah supaya tidak usah jadi mitranya shopee semoga shopee makain jaya,2
udah lama aku pakek sopi selalu di layani dengan baik,2
terima kasih shoppe udah lama saya langganan tdk cape lagi ke toko cari barang semua nya tersedia di shoppe pelayanan nya is the best,2
🥰🥰👍🏻👍🏻,2
good,2
jelek bgt pea optimasinya bnyk bug,2
good job,2
ebuset nunggu loding e lama bangat,1
pak sy mau bayar paylater kok engga bisa apa hrs lebih jatuh tempo biar kena bunga,0
shopee tolong dong kalo ada pembeli yg mau ngajuin pengembalian tapi barang nya udah di pake jangan di setujuin kan penjualan nya jadi rugi kemarin ada yg beli skincare di toko aku terus masa dia ngajuin pengembalian padahal skincare nya sudah di pake tapi malah setujuin aja sama pihak shopee 😔😔😢,0
banyak banget iklan lu,0
terimakasih shopee,2
hp saya ilang akun harus verifikasi pakai nomor gk bisa verifikasi lewat email tolong perbarui verifikasiny saya kecewa,0
harga murah kwalitas bagus pengiriman cepat proses pengembalian barang mudah pengembalian dana cepat,2
alhamdulilah mantep nuhun🙏👍,2
mantap,2
shopee paling terlama pengiriman barangnya terutama melaui jasa kirim spx lamanya bukan main pesan barang di shopee ini melalui spx lewat hari pesanan blum sampai juga saya nilai paling buruk spx di semua jasa kirim yg lain klau tidak segera di tindak lanjuti lama lama aku pindah belanja di platfom yg lain,0
belanja sangat mudah cepat dn praktis,2
yg bener aja lah masa pesanan di buat tanggal estimasi tanggal nggak ngotak amat nyesel gw pake shopee gk jelas,0
semuanya sudah bagus hanya bermasalah di kurir kalo chat nya udah ngak di bales beberapa menit dia akan retur emangnya kita nga nunggu lalu kamu retur begitu saja sangat mengecewakan gimana kalo kita lagi kerja lagi sibuk jadi ngak pegang hp seharusnya tunggu sampe beberapa jam kalo udah ngak ada kabar baru di retur,2
bagus,2
sumpah ya skrng shopee pengiriman lama bngt et dah dlu palinh lama seminggu udah sampe skrng hari bahkan ini paket aku hari blm jg sampesampe pdhl aku beli buat jualan lama bngt heran gratis ongkir jg pelittttt bngt sekarang kikir bngt shopee pdhl aku tinggalnya dikalimantan yang udah tau pasti mahal ongkirnya tolong diperbaikin,0
sangat terbantu,2
pengirim cepat bagus dan murah nyak promo tks,2
puas belanja dishopee,2
shopee gw minta tolong banget pake banget kalau iklan tuh jangan suka maksa sih plis lagi nonton enak² malah keluar ujungujungnya kemana ke apk shopee plis banget deh kalau iklan yang bener jangan iklan seenaknya aja apaan banget dah lagi enak² nonton malah keluar apk cuma gegara iklan shopee doang iya gw tau klau gmau iklan minimal bayar lah klaj gda duit trpaksa hrus nonton yg bnyak iklannya tapi klau iklan jangan suka tiba² kesel sih keluar apk trus ke apk shopee apa banget dah,0
sangat membantu pembelian barang yang sulit didapat di daerah,2
setiap memakai jasa pengiriman spx selalu mutermuter paketnya padahal sudah di lokasi hub kota tapi balik lagi ke hub sunter spx ga jelas sistem nya di notip estimasi tiba tetapi berubah jadi mau itu gratis ongkir atau tetap bayar ongkirnya pelayanan buruk dari spx,0
dengan adanya shopee tidak ribet lagi berbelanja mantap shopee maju tros,2
bagus banget,2
bguss,2
sangat membatuusaha jadi lebih jualnya,2
kasih aku limit paylater dan spinjam yg gede agar mempermudah belanja online,2
adalah pokonya,2
kurang bonus nya,2
saya terbantu dengan adanya sophee apa lagi difasilitasi dengan adanya paylaterapa yg belum mampu saya beli secara casbisa saya cicil terima kasih sopheemembantu umkm dan konsumen menengah kebawah semoga kedepannya sophee lebih baik lagi,2
iya kk shopee sangat murah banyak diskon tpi sekarang shopee sudah agk gimana gitu soalnya kalo mau ganti alamat tidak bisa dulu kan bisa langsung sekarang tidak😭😭😭,0
puas belanja di shopeeyang penting pinter cari toko nya,2
shopi tidak sesuai dengan pesanan sangat mengecewakan sekali tidak sesuai dengan pesanan ngga ada respon luh sangat mengecewakan sekali tidak ada respon tidak amanah tidak mau tanggung jawab saya ngga senang sekali kembalikan uang saya ngga ridho saya masa di beri barang rijek buat apa an barang rijek lu mau ngga tuh ngga sesuai pesanannya ngga sesuai dengan poto nya ngomong sama orang budek ngga ada respon,0
untuk kali ini aku menyesal beli di shopee pengiriman telat terus nggak satu atau dua kali pengirimannya telat terus,0
suka,2
saat main game biasanya sering tiba masuk ke shopee tapi yg paling menyenangkan bisa beli apapun ya tapi harganya gak ngotak,1
mantap,2
server shoope kenapa sekarang sering bermasalah susah untuk terhubung ke internet dan memuat halaman juga lama,1
saya senang dengan aplikasi ini memudahkan saya dalam memenuhi kebutuhan,2
bagussss cuma tokonya tolong di saring pesan sudah dari tanggal des sampai sekarang tanggal jan di laporan nya masih saja dikemas belum dikirim,2
mantap,2
eh shoppe iklan lu kebanyakan bikin kesel aja,0
aplikasi belanja no terbagus 👍 tapi kenapa setiap baca novel di aplikasi selalu muncul loh shop 😭😭,2
iklan ini sangat mengganggu,0
bagus sekali,2
shopee bisa dipercaya,2
shopee banyak diskonnya dan aman,2
hey shoope bujang inam aku betul betul muak ya kau tiap aku buka game apalah yang ada iklannya kau terus yang muncul aku buka capcut kau juga muncul aku buka liat fb kau juga muncul tolong lah brisik kali iklan klen kek takut kali bangkrut prusahaan klen padahal aku pake shopee juga nya tiap² hari aku pake kau buat gofud belanja ngumpulin koin diam klen sikit jangan brisik kalau mau iklan itu dimana² klen aja iklan yang muncul terutama di yutub itu jadi ga nyaman orang dibuatnya,2
bgus,2
sangat membantu,2
bisa ga sih kurir spx kalau antar paket yg alamat sekalian aj jgn beda² kurir dan kalau anter pesanan jgn tengah mlm,1
bagusss bngttt murwhhhh gak penipuan,2
udh kcewa sama pihak shopee kurir dan toko yg batalin psaanan tp malah aq yg d tuduh dan d beri sangsi sudah d jls kn dan q kirim bukti tp pihak shopee ttp gk trima klw saya yg salah saya bisa trima tp ini d batalin tnpa ada konfirmasi dan kurir main batali ja bahkan dy juga gk ada konfirmasi atau kbr taunya d batalin ap gk kcewa saya dgn perlakuana dan pihak shopee gk trima juga aq klaim juga ttp aq yg salah d buat bgus q hpus aj app taik ini,0
ok,2
vocer pengguna baru tidak bisa digunakan padalan blm dipakee🙂,0
ok,2
luar bisa buruk nya kurir spxbegitu juga csnya,0
min saya mau memberi saran untuk menambahkan metode pembayaran qris🙏🙏,2
kenapa sih setiap saya mau nonton drakor itu pasti selalu ada iklan apk ini risih tau g ga mencet malah tiba tiba ke shopee kan aneh mending di hapus dah lu apk gausah pke ada iklan lu segala orang orang juga pada risih tau ga bisa gasih ga pas saya nonton drakor jg di apk lain tuh pasti ada aja iklan ni ni apk ngeselin tau,0
kadang saya laper di jam pagi tapi tiap mau pesen food pembayaran nya tidak bisa tunaiudah kaya roti o di stasiun senenkasian bgt nenek nya sampe nangis mo beli roti aja ga boleh pakai uang tunai,2
saya top up gopay lewat shopee pay transaksi berhasil namun karna gopay lagi limit jdi saldo gk masuk tapi ke shopee pay nya gak balik lagi dari pihak cs gopay tidak nerima saldo begitu tapi saldo ke shopee pay nya gk balik lagi kecewa saldo hangus,0
foto meleee🤪,0
setiap buka aplikasi selalu ke video bikin jengkel tolong di benahin mau belanja bukan lihat video cukup bintang,0
perbanyak lagi promo di shopee diskon belanja semoga makin sukses shopee,2
bagus banget,2
setelah update gak bisa logintak uninstall trus download aplikasi shoppee berulang kali tetap gak bisa login tolong di bantu biar bisa login,0
terimakasih dengan adanya shopee belanja di shopee jadi sangat mudah dan gampang murah lagitinggal tunggu,2
segala nya hidup jadi lebih mudah,2
ribet sekarang pengembalian dana nya paket harus di antar tidak ada pilihan di jemput kurir,2
sangat membantu belanja jadi mudah,2
aplikasi tidak bisa block penjual yg tdk kita inginkan atau penjual yg suka tipu laporan pun kurang ditanggapi oleh shopee,0
bagus,2
mantap,2
setelah di update jadi gabisa liat live,0
mantaf pokonya mah,2
sangat bersyukur adanya shopeesangat membantu belanja jadi praktis,2
cepat amanah👍👍👍,2
oke top,2
sayang sekali spaylater saya tidak bisa digunakan,0
toko online no di indonesia apapun yang kita mau berlanja pasti ada semua ada di tante shopee👍,2
terlalu buruk banyak syarat buat klaim voucher,0
belanja murah balasan cepat kadang kita pesan barang tak sesuai kita pulangin tanggapan terhadap konsumen bagus dan cepat puas,2
jelek video nyala sendiri ga bisa diberhentikan,0
aku baru buka aplikasi apa langsung ke shopee,0
udah dari dulu terlanjur nyaman sama shopee bagi saya shopee bukan hanya tempat belanja tpi seluruh aktivitas keperluan saya dipermudah dengan hadirnya aplikasi ini entah bayar listrikpdambahkan shopee foodnya menjadi pahlawan pas laper tpi mager😅 teruslah maju seiring berjalannya waktu shopee🧡,2
sangat bagus,2
great,2
bagus,2
iklan di mana mana monyet,0
toko online no di indonesia,2
aplikasi sampah aplikasi terburuk diantara yg buruk pinjaman awal di acc tapi pinjaman selanjutnya selalu di tolakaplikasi yg sangat tidak berguna dan semoga secepatnya gulung tikaramin ya rabb 🤲🤲🤲,0
semenjak belanja di shopee selalu dapat harga termurah,2
mudah loginnya,2
makasih banyak,2
makin diandelin makin rusak mending make gojek,0
mantap murah,2
cukup membantu tapi syg limid sy terlalu kecil lama bgt naiknya padahal sy belanja bulan cukup banyak bgt,2
sangat baikk,2
perfect,2
the best,2
ramah cepat akurat,2
pokok nya puas lah belanja di shopeeshopee is the best,2
kenapa selalu sistem dalam pemeliharaanstiap mau isi token,0
selalu memberikan pelayanan terbaik dan barang yang diterima seusai pesanan konsumen,2
hadech estimasi waktu pengiriman makin lama sekarang tolong lah pihak shopee barang mau hampir minggu gk sampai parah,1
puas,2
benci banget sama iklannya shopee kenapa iklan lu gabisa diem si iklan lu bener nyepam banget gak sekali dua kali lagi baca novel di wp enak malah muncul iklan lo padahal gue diem aja gak mencet gak scroll mana di exit muncul lagi iklannya,0
bagus bnget aplikasinya,1
good luck,2
ok,2
untuk pelayanan dan penjual yang membuat toko di sofi sudah oke menurut sayatinggal sedikit lagi para penjual yang tidak amaah yang mu merusak kepercayaan masyarakat ke pada pilihak sofi tapi dengan kerja sama sofi yang baik sehingga bila ada masalah selalu ter atasidan satuhalagi ter utama yang harus di perbaiki untuk jasa kirimnya tolong dong cantumkan nomer hpkurir agar kami bisa menangani dengan mudah,2
ok,2
shoopee mekso kudu download opo opo gur iklann ramutu mekso banget iklan e di kelong i opo opo gur iklan,0
makin berkembang dan terpercaya,2
okokok,2
bintang tapi ku bukan ancaman,2
iklan nya mengganggu banget pdhl udah di dwonload masih aja iklan nya ganggu,1
cepat tepat waktu dak nunggu lama,2
bisa gk sih buka aplikasi masuknya beranda bukan di video atau live,0
banyak diskon mudah digunakan,2
kalau belanja disini sih bagus bagus aja banyak yang murah gratis ongkir juga tapi masalahnya iklan nya maksa bgtt kadang kalau lagi main game sampai terkeluar karena iklan shoppe itu dia suka kepencet sendiri ke apk shoppe nya buat risih males pengen hapus apk ini rasanya muak bgt sama iklan shoppe pls kurang kurangin deh kaya gini keterlaluan bikin badmood,0
goood,2
berharap untuk spx nya bisa lebih santuy,2
bentar² di update terus tapi viwers shopee vidio semakin menurun yg biasanya paling rendah viwers jdi sampai org sajasemakin susah bgt untunk dapat komisi karna kita yg sebagai pejuang affiliate di batasi bgt sama apk shopee enak apk tiktok,2
okee saya kasih bintang karena emang dari segi harga dan diskon nya ga masuk akal tapii masalah nya ada di kurirmohon maaf pihak shopee untuk kurir yang sering banyak tidak amanah bila ada yang retur tolong lah pihak shope perketat peraturan retur dari si pihah kurir saya tidak tahu apa apa tiba tiba di kembalikan paket saya dan waktu saya liat bukti nya inii semua pemifnahan disitu tertata emang itu nomer whatsapp saya tetapi saya tidak mengirimkan dan menerima pesan satu patah punpls,2
mantap belanja di sini apa aja ada mager keluar soal nya,2
gua saranin bagian sulawesi jangan download shope karena pengirimannya lambat cs nya gak bertanggung jawab saya teluh buat laporan gaada hasil malahan nunggu paket setengah bulan auto gua tolak gada guna lagi pengiriman standar kok gitu gua saranin pesan aja di tiktok atau tokopedia lalu pilih jnt expres itu aman cepat amanah dan sopan bertanggung jawab malahan spx shope gak bertanggung jawab gak sopan ama costumer terimakasih,0
mantap,2
jujur menurut ku apk ini membantu banget utk beli barang² atau apapun yg di butuhkan harga nya juga lebih murah d banding yg di offline tapi tolong ya utk iklan nya di kurangin masa setiap lagi buka apk langsung masuk ke iklan ini ga banget aplgi belum ada menit langsung balik ke iklan ini jujur menurut ku ini menganggu banget dengan alasan biar ga ketinggal info shopee kurang tepat sih ga semua org pengen liat info itu langsung ada saatnya orng² buka apk ini juga trimksih,0
online shop terbaik 👍😍,2
baik,2
sangat senang belanja dishopee mempermudah kita jg murah terimakasih,2
mantap,2
apk nya bagus cuma gimana ya kalo iklan nya muncul tuh entah kenapa kayak dia tuh padahal di pencet tanda skip eh malah kebuka apk nya tapi ya bagus lah mantap,1
biaya adminya semakin mahal saja padahal potongan dari penjual sudah gede,0
shopee mempermudah segala urusan perdaganganmenghubungkan penjual dan pembeli dari berbagai daerah,2
agakk di apus aja apknya mesan taun kmrn smpe taun ini g dtg,0
selama belanja di shopee banyak diskon,2
warbiyasak,2
tolong donk kalau lihat fotovideo dibawahnya ada kotakan harga dihapus saja karena menutupi fotovideo sangat menggangu,1
mantap shopee,2
jujur ya suka banget sama aplikasinya tapi maaf banget nih kadang kalo lagi ada iklan shopee di aplikasi lain suka kadang tiba tiba ke playstore sendiri dan itu tuh mengganggu banget kaya seakan akan maksa gitu buat ngedownload shopee jadi pliss perbaikin iklan aplikasi kalian ya apalagi yang iklannya ngeprank satu cafe itu ngeganggu banget,0
aplikasi paling maksa,0
sekarang saya tambah lagi bintang nya terimakasih dgn segala kemudahan nya,2
dapat orderan posisi hujan antri an nya lama setelah dapat pesenan sudah di antar ke tempat cs pembeli tapi setelah semuanya selesai di kasih poin pinalti kalau gag ngerti keadaan dijalan hujan jangan asal ngasih poin pinalti robot customer manusia macam apa kau ini,0
mantaap,2
sangat membantu,2
mantap,2
sangat baguss,2
sayangnya spaylater aktif tapi spinjamnya tidak aktif d akun saya 😔😔😔,2
shoppe bagus belanja murah dan gratis ongkir lagih harga terjangkau mantapp sangat membantu sekali,2
ok,2
mantap mudah dan jaminan kembali mudah,2
sukses selalu,2
kok gk bisa checkout ya,0
kenapa akhir ini gak bisa checkout ya padahal saya tidak melanggar peraturan apapun,1
mantap,2
mantap 👍,2
mantap,0
sangat membantu,2
sesi chat sama ekspedisi tolong dibenerin masa gak bisa di chat dan sesi berakhir terus,2
selalu ada promo menarik di shopee jangan lupa donwload shoope ya,2
baik,2
sangat bagus mengungkapkan shopee,2
sangat membantu dalam berbelanja online terimakasih shopee,2
sangat bagus,0
ok,2
banyak promo juga dapat digunakan sebagai alat untuk mencari sesuatu yang gak ada,2
gak bisa batalin pesanan aku muak sama shopee,0
bagus sekali sangat mahal dn murahh,2
mohon pada setiap kurir di edukasi jangan menambahkan biaya total diluar dari nota pesanan pesanan saya di naikkan rb kebetulan anak saya yg menerima pesanan saya,0
bagusan shopee klo tokopedia mah lewat di shopee banyak gratis ongkir ketimbang tokopedia yg malah sebalik nya masa ongkos kirim ampe rb sedangkan harga barang nya emang tpi ongkir nya ketinggian hampir mirip kayak harga nya ketuker ama ongkir nya doang,2
cepat tanggap,2
kerennn cuma,2
pihak shopie tolong tindak lanjutti kurirnya pengiriman selalu gagal di tunda terus lewat dari estimasi mulu niat jadi kurir ga sih,0
shopee sangat membantu sudah member platinum disini thanks,2
terimakasih shopee pelayanan mu sungguh baik buat saya,2
mau cari produk malah kesangkut di fitur live vidio giliran mau cari produk yang pernah dibeli malah masuk ke pencarian umum,0
akhir di daerah saya sering banyak keluhan karna barang yg di pesan selalu di retur barang yg suda lama di tunggu di retur tanpa konfirmasi ke kami tiba di aplikasi masuk barang di tolak padahal kurir tidak pernan mengantar paket kami mohon perbaikan di daerah ku kotamobagu ini sulit di terima karna saya sebagai penjual online dan kebanyakan barang saya belanja di shopi untuk di jual lagi dan sekarang saya tidak bisa menggunakan cod karna banyak paket saya di retur😭😭,0
bisa nggak ini apl jgn terlalu ikut campur ke apl lain aku buka wattpad atau apl yg lain selalu muncul iklan dari shopee padahal nggak di apaapain keganggu tauuuu,0
muantap,2
apk ini sangat membantu banget mulai dari belanja sampai bisa buat aku dapat cuan dari kerja sampingan terimakasih shopee 🙏🥰,2
sangatt baguss,2
sangat memuaskan,2
gud,2
pesanan tidak sampai status palsu dibilang pembeli menolak pesanan jelek kecewa berkalikali,0
yth shopee saya senang membeli dan mempergunakan produk shopee namun yg saya keluhkan adalah mengapa shopee cenderung banting harga matimatian di saat produk memang masih layak jual mengapa produk yang saya nilai bagus justru membanting harga diri saya matimatian setelah mengetahui kualitas buruk beberapa barangbarang yg pernah saya beli di shopee jadi saya sangat terpuruk bahkan masih tertipu walau masih menaruh harapan ada masa depan baik menanti mutu banget🙏 terimakasih,2
akan ada progeres nya,2
nice,2
sangat puas belanja di shopee,2
brg diterima dgn baik🥰,2
pelayanan bagus dan cepat,2
mantab tull,2
di aplikasi ini orang nya ramah ramah ya,2
sangat puas dengan pelayanan shopee semoga semakin jaya,2
suka belanja sesuai kebutuhan dan barang yg menarik,1
mantap untuk belanja online,2
sangat puas,2
josjis pokoknya dah😊,2
tolong rilis fitur hemat data dan mematikan auto play vidio,0
belanja di shoppe bisa kapan saja waktunya dan bisa dimana saja jenis barang nya sesuai apa yg kita inginkan lengkap dengan harga murah di tambah banyak voucher diskon lagi gratis ongkir dan banyak promonya belanja di shoppe ga bikin kantong bolong di tambah ada pilihan bayarnya pakai paylater dan juga pakai semua jenis bank untuk melakukan pembayaran ga perlu keluar rumah pokoknya shopee keren pisan dan the best deh pokoknya ditambahkan cara pembayaran nya saja lebih lengkap pilihan cara bayar,2
tolong bermitra dengan jnt kembali agar bisa menggunakan layanan dari jnt pake shopee lelet apalagi jalo event ampun,0
baguss,2
saya sangat kecewa sama shopee tibatiba akun di blokir gara pilihan voucer,0
akun udah di hapus tapi kok spyleter sama sea bank masik nyakuttngga bisa di benerin lagi,0
isi data ssh spt org mau pergi haji siapkan datanya ujungnya ditolak jg bru mau ajukan pinjaman dana pdhal lum pnah minjam dsini n tdj ad riwayat pinjol php aj fiturnya apalagi pesan barang aduh lma nya luarbiasa skrg sampainya wlau udh pke extra ongkos,0
pengiriman lama bgt bgtt bgtt btw shope jgn kebanyakan iklan di apk lain sgt menganggu ga di pencet pun tiba tiba masuk shopee apalah maksdnya ganggu bgt,0
bagus,2
sangat memudah kan saya belanja keperluan sehari hari dri baju smp perlengkapan dapur saya belanja ny di shopee gak ribet dan gak panas san tinggal pesan paket da nyampe depan rumah gampang gak susahapa lagi saya punya anak kecil pokoeee shopee is the best,2
ga bagus aplikasi belanja tapi beratan banget,0
bagus aplikasinyabelanjanya gampang banget gak ribet,2
proses pelayanan pembatalan nya kurang bagus,0
pengiriman sudah tidak sesuai estimasi mundur terus tanggal estimasinya semakin lamaaaaaaaaa,0
👍👍👍👍,2
doress,2
lebih mudah dan praktis pakai shopee,2
oke,2
ini kenapa ya setiap lagi baca wattpad selalu otomatis ke buka shoppe bukan sekali dua kali tapi selaluu gausah segitunya plis kalo iklan kalo mau belanja juga udah pasti ke shoppe gausah terus terusan buka wattpad tp ke alihkan ke shopee,2
sangat membantu menemukan barang yang tidak ada disekitar kita untuk kita beli terasa gampang berbelanja,2
iklannya ngeselin,0
saya pakai aplikasi ini sudah lama silahkan cek akun saya sesering apa saya belanja tapi sekarang ada fitur video live itu sangat mengganggu saya buka aplikasi langsung muncul video setelah paylater saya lunas saya akan uninstal aplikasi ini,2
meringankan beban hidup,2
lebih enak dari aplikasi sebelahkalau bisa ongkir nya di kurangi dong,2
baik tapi opsi auto received yang hanya jam itu akan menyulitkan customernya karena klaim jadi susah seperti saya yang beli beberapa items dihari yang sama mah misal kita dapat kiriman dari barangdan sudah di auto received shopee repot kita lebih baik seperti lazada harijadi customer bisa lacaktanya tetangga dll dulu,1
baguss sekali buat shoopee yah tpi klo ada barang palsu jangan di kasih onlen dong tolong buat shopee,2
belanja di shoppy adalah sesuatu yg menyenangkan,2
sangat memudahkan sekali,2
bagus sih,2
semoga kedepannya makin bagus lagi,2
kenapa sekarang pesanan makin kagak jelas kalau dulu waktu tunggu paling lama seminggu sekarang sebulan lebih barang belum sampai ingin kita minta pengembalian dana harus tunggu tanggal etimasi sedangakan tanggal etimasinya selalu di tambah sehingga tanggal etimasinya tidak tercapai sehingga pengajuan kemblian anggaran tertunda apkah ini kategori penipuan aneh bin ajaib beralik ke tiktok,0
aplikasi yang sangat bagus dan memuaskan sayah suka thanks shopee,2
worth it bngt nh shoppe pokoq nya kalo shoping di shoppe aja amanah toko² nya,2
tolong lah saya tidak melakukan kecurangan kenapa tidak bisa klaim koin lagi di live 😭😭,2
keren,2
sangat membantu dalam proses belanja di waktu yang sibuk 👍tapi seharusnya kasih kejutan hadiah bagi pengguna yang sudah lama😃😃,2
bagus,2
mantap,2
trimksh shopee sgt membantu sekalli dlm belanja,2
seneng banget belanja di shopeesering dapet potongan ongkir,2
shopee sakitt akunku tidak bisa terhubung ke agen cs ketika turun member dari platinum ke gold bener bener aplikasi sakit,0
shopee tu mudah dan 💕😍,2
shopee please iklan shopee di platform lain yang langsung maksa masuk ke aplikasi shopee tu benerbener bikin jengkel yang ada aplikasi shopeenya yang gua hapus karena ribet platform belanja lain gak ada yang seribet ini bintang abadi nih mah selagi gak diubah sistem iklannya,0
bagus,2
pengiriman tidak sesuai tanggal datang,1
memudahkan untuk belanja,2
banyak manfaatnya dan semoga berkah yg menggunakan,2
hem padahal ada promo shopee eh aku g bisa beli katanya pihak shopee ya bukan penjual sudah pernah pakai promo itu pdahal belum pernah trus mau beli barang g bisa huh,0
sangat cocok untuk berbelanja,2
lebih ditingkatkan kembali pelayanan dr tenan nyaterima kasih,2
pesanan lama baru terkirim harus tunggu minggu dan terkadang jika pesanan sudah lewat hari suka tibatiba di retur dr pihak shopee nya padahal sy sudah tunggu lama itu paket dan ini bukan kejadian atau kali sudah berkalikali alangkah lebih baik jika pihak shopee memperbaiki kualitas logistik pengiriman barangnga,0
bgus sekali,2
sangat puas dan lancar untuk pengiriman dan transaksinya semoga makin maju dan bekembang untuk kedepannya,2
kenapa shopee tidak bisa batalkan pesanan,0
shopee semakin baik,2
mantap,2
aplikasi yang sangat baguss,2
bisa beli barang yg di mau❤️,2
mantap shopee,2
kenapa spaylater saya di bekukanpadahal sebelum²nya telat tidak pernah di bekukantolong buka kembali,0
shopy pokok nya debessangat puas belanja dishopy,2
keren aplikasinya,2
sangat bagus belanja online di shopee harga murah dan kalau boleh berikan saya selalu voucher gratis ongkir dan discount harga di shopeeshopee sangat memuaskan pelanggan shopeepaling keren banget,2
kecewaaa sama paylater limit tiba² berkurang dri limit awal kedua udah bayarrr tepat waktu tapi limit tiba² hilang pdahal baru pemakaian bulan udah laporan ga bisa kasih solusi,0
super yes,2
seneng bisa belanja dshopee,2
barang sesuai iklan mantap latjutkan,2
shopee mantul,2
semoga bisa lebih baik lagi dan sukses selalu shopee selalu punya inovasi terbaik untuk jual beli online makasih buat yg ikut andil di apk shopee tanpa terkecuali kalau bisa jasa kirim nya d percepat jawa ke sulawesimakassar bisa smpai minggu lho,2
bagus,2
mantap,2
ok,2
mantap bnyk promo nya,2
bagus,2
belanja mudah harga kompetitif barang juga baik dan original,2
aku suka dgn aplikasi shopeelebih real barangnyaada harga ada kualitas mantap pertahankan 👍 harga lebih murah banyak discon dan free ongkir trs pokok e aku sukaaaa 😅,2
gabisa log in dev,0
puasa sekali,2
prioritas selama ini tidak mengecewakan,2
bagus,2
mantabb jos jisss kasi promo terus ya 😏👍,2
bagus banget aku suka banget sama aplikasi shopee karena banyak diskon aku udah make aplikasi ini dari tahun,2
udah verifikasi berapa kali gak bisa nomor baru gak bisa pake muka gak bisa mau pesen selalu suruh verifikasi terus,0
bagus,2
shoppee nya bagus dan percayah pengantar nya betul,2
memudahkan untuk berbelanja,2
good,2
mantab,2
tolong shope untuk jasa kirim spx hapus ajapaket saya udah hari gk dateng datengtapi keterangannya masih dalam perjalanan,0
banyakin diskon,2
pesan hari apa estimasi hari apa realitanya sampai sekarang barang belum saya terima minta di cancel ga bisa katanya harus nunggu nunggu sampai kapan sedangkan barang mau di pake kalau bisa di cancel kan enak uang bisa balik lagi terus buat beli yang lain tolong kalau bikin estimasi yang bener saya bukan anak kecil yang seenaknya bisa di bohongi,0
bagus,2
terimakasih,2
terima kasih shopee,2
cs ga guna akun dibatasi seenak jidat makin buruk bukan makin bener,0
bagus,2
di shope kamu bisa mendapatkan barang barang dengan kualitas yang baik dan yang pasti banyak barang barang yang murah,2
dari hasil apknya ya minnn itu bagus menurutkuu ada keganjalan yg shopee hrus tau hati hati dengan penjual ilegal itu sih sangat bhya bgii org yg membelinya dan itu saja apa lagi pengantarannya lama,2
makin lambat aja proses returskr di kembalikan pagi di prosesnya di besok harinya di sore harinya kalo ke agen sy juga tau prosesnya bakal ke gudang dulu nantinyaini sy langsung ke gudangnya masa gudang bertindaknya ke pembeli kaya ke agen dulu enggak ada cepetnya belum lagi proses pengembaliannya stelah sampai melalui validasi bisa hrbarang kali duitnya mau di pake kebutuhan ke lainnya susahseharusnya penjual ya sudah pengalaman kasih waktu xjam bagi yang engga ada klik konfirmasi,1
sangat bermanfaat,2
terbaik,2
aplikasi gaje setiap pesen barang pasti sampainya lama,0
sangat puas,2
untuk shopee tolong jasa kirim nya di perbaiki kalo tidak bisa kembalikan aja jnt dulu untuk aplikasi shope nya bintang tapi untuk pengiriman spx nya bintang,2
apk nya bagus,2
sangat puas,2
sangat berguna,2
bguss bgttt dfgccqeyjvdeukndrujbxsaqqeippngdx😻,2
proses pengembalian barang dana terlalu lama udah sampai hari belum ada kejelasan cs shopee susah di hubungi seakan komplin sebagai pembeli yg menerima barang rusakcatat produk itu di abaikan beda jauh dgn aplikasi lain yg mengutamakan kepusan pembeli,2
bunga shopee pinjam kalo bisa d turunkan lagi kak biar kita yg udah jadi langganan makin semangat pake nya mohon dipertimbangkan y kak kalo sekarang msh bln bs ke bln,2
mantap,2
lebih hemat dishoppe dibandingkan yg lain🤩🤩,2
jadi mudah berbelanja cukup di rumah saja,2
menarik,2
jangan ada barang hilang,2
untuk shopefood kenapa jarak km termasuk diluar jangkauan,1
baik sekali,2
shopy memang mantep semua serba mudah,2
dah mulai membaik pelayanannya,2
good,2
sangan mudah dimengerti,2
belanja aman nyaman barang sesuaicepat sampai,2
oke boleh,2
poke ngelag suara audio live streaming nge stuck di lobby kocak,0
berkat shopee pay saya sekarang punya hp baru terima kasih ya shopee pay dah mempermudah aku buat blanja online,2
nice,2
sgt baik dan berguna,2
seru,2
luar biasa,2
pengiriman sekarang super lelet,0
shopee express tolong lah kalau belum mumpuni untuk menjadi ekspedisi tolong di benahi paket dari banjarmasin ke banjarbaru dari tanggal sampai belum juga sampai padahal cuma pengantaran antar kota kalau memang belum bisa jadi ekspedisi yg bagus gausah sok sokan putus kerja sama dgn ekspedisi yg memang kerja nya cepat sangat kecewa,0
pesan barang dari tanggal tanggal sudah sempat di sleman kok disortir dibawa balik ke semarang estimasi sampai pun kisaran mingguan ini toko online atau inden sistem bobrok,0
terlalu lama menunggu paket saya dan alamat saya tidak mendukung cod aplikasi tidak bermanfaat mendingan download tokopedia,0
mantap,2
permisi shopee bisakah kalian memiliki iklan yang terlalu mengganggu di aplikasi lain,0
sangat bayik,2
memudahkan keperluan sehari hari,2
belanja lebih mudah dan menghemat tenaga serta efisiensi waktu,2
saldo penjualan saya tertahan jika tidak boleh menikmati voucher maka jangan naikkan pajak jika tidak boleh saling untung maka jangan minta keuntungan sepihak untuk apa dibikin voucher tapi tak boleh pakai lagipula kasih voucher seminggu sekali tapi untunnya tiap kali pesanan cairkan saldo penjualanku dari pemotongan pajak saja keuntungan shopee lebih besar daripada seller,0
simpel banyak membantu,2
sangat rekomendasi,2
tetpetcaya sangat memuaskan,2
anjay,2
udah kejadian x tiap buka shopeefood niatnya mau liat sm cek harga kebukanya lama bgt malah tiba pesanan sudah di proses dan gk bisa dibatalkan tolong dong shopee ini kan jadinya ngejebak terus buat apa ada fitur shopefood kalo tiap mau buka waswas malah jadinya ngerugiin padahal tiap beli aman aja tapi sekarang kok malah gak enak takut kejebak lg,0
mantap,2
bgus tp knapa setiap kirim foto atau vidio lama x gk msuk,2
sy tdr pernah pakai shopee leter koq dapat tagihanmengecewakan,0
tidak ada yg berubah,0
sudah beberapa kali belanja di shopee saya sangat puas dengan semua pelayanan dan sampai sekarang masih gratis ongkir 👍👍,2
pengiriman sangat lambat gak kaya dulu,0
kadang sesuai kadang gak sesuai,1
mantap dan lancar,2
buruk karna saya sudah di tipu oleh penjual,0
𝐌𝐞𝐧𝐠𝐚𝐩𝐚 𝐏𝐞𝐬𝐚𝐧𝐚𝐧 𝐒𝐚𝐲𝐚 𝐁𝐞𝐥𝐮𝐦 𝐒𝐚𝐦𝐩𝐚𝐢 𝐒𝐮𝐝𝐚𝐡 𝐌𝐞𝐥𝐞𝐛𝐢𝐡𝐢 𝐓𝐚𝐧𝐠𝐠𝐚𝐥𝐄𝐬𝐭𝐢𝐦𝐚𝐬𝐢 𝐒𝐡𝐨𝐩𝐞𝐞 𝐏𝐞𝐧𝐠𝐢𝐫𝐢𝐦𝐚𝐧 𝐋𝐚𝐦𝐛𝐚𝐭 𝐍𝐠𝐠𝐚𝐤𝐁𝐢𝐬𝐚 𝐃𝐢 𝐏𝐞𝐫𝐜𝐞𝐩𝐚𝐭,0
ok,2
belanja online lebih mudah dan cepat pokoknya best is the best,2
bagus banget,2
ngeselin,0
shope kurirnya skarang lelet udah sering lewat estimasi pengiriman pembatalan pengiriman sepihak se enaknya lalu apa fungsi lacak pengirimandan notifikasi paket menuju ke alamat tujuansiap siap untuk menerima pesanan kurir tengah malam membatalkan pengiriman dngn bukti poto paket paket di kirim ulang besok ber ulang,0
trima kasih shopee,2
sangat mambantu,2
shoppe termurah terlengkap dan tercepat,2
hahaha sngt bgs dn sy sngt mnyknya mntp,2
josjis shopee gk rugi karna pengembalian barang sangat mudah,2
banyak manfaat,2
gw download ni aplikasi keren juga buat beli sepatu bola bintang broo,2
kalo barang yang dipesan terus dikirim sampai tujuan rusak atau tidak sesuai bisa dikembalikandiganti tanpa ada biaya tambahan lagi nggak,2
mau belanja apa aja ada di shopee sangat membantu saya memenuhi kebutuhan atau pun keinginan diskon yang gedegratis ongkir setiap saat aaaah shopee best deh pokoknya sukses selalu shopee,2
shopee memang keren kalau di toko pedia tidak keren shopee indonesia harganya mura meriyah shopee saya suka horeeeeeeee,2
sangat puas sekalii,2
hello shopeejangan sesuka kalian lah membatalkan pesanan saya tidak membatalkan pesanan itu cod cek dulu nya hilang,0
sangat bagusbaik dan membantu berbelanja,2
masyaallah aplikasi shopping yang super lengkap harga terjangkau terimakasih shoppe 🤩🤩🤩🤩🤩🙏🏻,2
ada juga yang gak sesuwai,1
penjualan dibatalkan sepihak oleh shopee gara kesalahan kurir gak adil banget,0
sangat bermanfaat,2
dunia belanja dalam satu genggaman mantap,2
puas banget,2
sering muncul iklan di app wattpad tolong diperbaiki karena bukannya tertarik malah membuat ingin menghapus app shopeenya,0
saya pendatang baru di shopee menurut pendapat barang dan pelayanan jasa pengiriman sangat baik da terpercaya terimakasih shopee 🙏,2
jelek,0
belanja di shopeemudah dan cepat dan yg penting gratis ongkir jugakurir nya juga okemakasii,2
setelah spayletter aktipalkhamdulillah g dpt gratis ongkir lgklo mau dpt gratis ongkir harus aktipin seabank buat bayarsetor harga pesananterimakasih shopee sdh bikin ribet sistemjd males pesen pesen lg😁,2
shopee semakin mantap,2
alhamdulillah,2
shopee slalu di hati us the bess,2
bisa enggak sih shopee indonesi kembalikan jt express jadi opsi pengiriman nya lagi cape pake spx express paketnya pasti lama nyampe nya,0
sangat sangat puas sekali,2
ok,2
ok layanannya,2
baguss,2
ok,0
langganan shoppee tp kadang kecewa sm jasa pengirimannya spx yg lama bgt kirimnyasrg ditunda pengirimannya,2
terimah kasi atas kepercayaannya,2
bagus banget murah lagi,2
sangat kecewa sudah langganan vip kecewa paket tidak datang² dari tahun sampai,0
bagus,2
sangat membantu,2
good,2
sangat amanah,2
belanja puas dan proses pengembalian juga sangat mudah,2
pas gunakan shopee ketagihan untuk belanja terus tapi sekarang sy sdh memasan barang kali dan berakhir di batalkan entah yang salah pihak shopee atau jasa antar nya🙂,2
puas,2
iklannya tolong di kondisikan dan sangat mengganggu kalau lagi baca wp orang mau membaca malah langsung di alihkan ke shopee😡,0
baik bermanfaat,2
kok nggak ada batal pemesanan barang min,0
mantap,2
belanja jadi mudah,2
bagus,2
sangat membantu kehidupan,2
penyedia dana nya gak teliti dan tidak hati hati dalam penyampaian ke customer bilang minggu depan ajukan ulang tak tahunya harus nunggu sebulan burik bnget,0
tidak ada pendanaan,0
suka saya smaa apk inii,2
baik,2
ok,2
bagus banget shoope layanan juga cepat,2
murah banget blanja di shopee,2
untuk shopee bagus cuman kalau daerah aku kurir spx cargo nya lelet bgt pengirimannya jarang sesuai estimasi tolong yah kurir cargo perbaiki saya tipikal cartemer yg selalu menunggu bgt paket,2
susah untuk donlotnya,1
banyak promo nya dan gratis ongkir,2
akun saya sudah langganan vip tapi voucher gak bisa dipakai alasan transaksi tidak wajar hub cs tidak dikasih solusi malah disuruh baca sop penggunaan voucher,0
puas,2
sangat membantu,2
ongkir murahkurir amanah dan ramah,2
ok,0
isi nya kebanyak live nya baru buka live mana live nya ada yg bohong saya udah berharap dapet hp dari live tebus murah udah saya cekot saya tf pembayaran nya di tungu paket gk dateng malah di batalindi bohongi sama yg orang yg jualan nya nge live hadehh apa gk takut dosa ya yg jualan itu huufff kebanyakan video gk jelas,1
sangat membantu,2
tidak memuaskan tidak tepat waktu pengiriman,0
keluhan saya terkait seller nakal tidak ada solusi,0
bagus,2
bagus,2
mantap,2
buruk,0
buruk,0
mantapp,2
puas dengan pelayanan pelayanan yg di berikan🥰🥰,2
shope amanah puas belanja online dishope thank you,2
sangat berguna skali bagiku untuk menggunakan aplikasi shopee ini memudahkanku dalam berbelanja,2
terimakasih shopee aplikasi yg sangat membantu dalam berbelanja online,2
saya merasa sangat terbantu untuk mencari barang barang kebutuhan yang sangat saya perlukan dan layanannya cukup baik juga trimakasih sudah membantu shopee l,2
selalu puas dng pelayanan dan pesanan disini,2
apk yang sangat membantu banget,2
top markotop 👍👍👍👍,2
iklan mu di aplikasi lain ganggu bangetttt,0
cukup baikyg kurang usulan permintaan saya untuk memisahkan barangprodak ygberkualitas standarbaikterbaik belum di buatbarang prodak negara lain sperti germanamerikajepang tidak adaapa karna aplikasi shoope yg punya orng cinajadi barang yg di sediakan kebanyakan prodak cinaseharusnya biarkan konsumenpembeli diberi kebebasan membeli barang dan prodak dari negara mana sajakan masih masyarakat indonesia juga masih bnyak yg beli prodak cina,2
mo transaksi appun jgn sampe g bisa yaaa,2
excellent,2
ok,2
sekarang masalah di jasa kirim andalan shopeespxbermasalah terus klo ke alamat sy di bogordi bilang alamat sy bermasalahknp sy pake aplikasi olshop lainjasa kirim selain spxsemua lancar² ajaskrg klo mau cek out sy cek jasa kirimnyaklo cm spxmending ga jadimales klo berurusan ma spxberapa kali pesanan sy di kembalikan ke sellerkarena spx ga mampu kirimsalam kirimsalah bawadah gitu kurirnya nitipin ga konfirmasiparah,1
lebih murah,2
yang mau belanja di shopee aja kk murah banyak diskon nya,2
mode aplkasi baru gk enak di pakai,2
mantap,2
males banget setiap buka aplikasi ini langsung ke video terus mana susah dimatiin ribet bnget kalo ditemat rame cuma skedar mau liat chat doang pdahal malah putar suara video kan berisik banget,0
minknapa skarang pengrmn lama datang nyasemenjak gak pakai jasa exspdisi lainjgn pakai spx hemat lagi dongitu paketan saya outo d retur pihak sophee sendiri krn melebihi batas wktpdhl kita perlu banget dgn sabar nungguin,2
pengirimannya yang lama,1
mantap banyak diskon gratis ongkir setiap hr harga termurah d semua market place di indonesia,2
pesan shopeefood kok ga bisa ngasih tip non tunai ke drivernya,0
sangat puas,2
mantap,2
semakin kesini semakin baguspelayanan maupun disc vouchernya masya allah tingkatkan trs yaa trimakasiih,2
bagus,2
mantabb,2
sangat suka dengan shopee,2
belanja mudah dan murah aman terpercaya,2
spaylaternya paling mantul sih membantu,2
app semakin kesini malah ngaco sering keluar sendiri lemot banget,0
aplikasi bagus sy suka apa lgi klo ada gratis ongkir sayang ada tapinya d profil akunnya ada yg ga bisa d klik jdi ga bisa k akses karna dah berlangganan berbelanja pake aplikasi shopee sy minta sama tim shopee untuk tiap tahun minta d kirim kalender bergambar tentang shopee dong kaka terimakasih,2
shopee selalu di hati,2
makasih shopee udh sangat membantu di waktu mepet biarpun gak pernah dapet flash sale ipong jg gpp hatur nuhun pisan,2
shopee mantap dhe💯,2
sekarang shopee mantab ongkir terjangkau ada satu yang kurang sih menurutku tidak ada pilihan ulasan yang terbaru jadi menurutku shopee kurang terbuka aja,2
mantab,2
tolong diperbaharui lagi apk nyaa kenapa punya saya gabisa buat cod yah disemua toko shopee terimakasih,2
baguss,2
aplikasi mudah untuk belanja semua yang diperlukan mantap,2
masa cuma bisa cod doang ihh sebell,0
mantap,2
bagus,2
bisa beli beli,2
sekarang pengirimannya lama banget semarang batang hari belum sampai,0
mantul mantap betul,2
mantap bnyak voucher diskon dan gratis ongkirnya,2
rekomen,2
ok,2
shopee top markotop,2
shopee menjalankan sistem akad jual beli dengan amanah dan ada hak khiyar pilihan jika barang tidak sesuai yang dijual sehingga boleh dibatalkan dan uang pun bisa kembali terima kasih shoopee,2
lancar murah,2
jossjisss,2
mantap,2
mantap,2
pusing gwa pengiriman nya tuh lama banget trus tiba² pesanan aku ada penolakan padahal nyampe ajh belum mana ngga jelas lagi trus ngga klarifikasi juga ini pengiriman nya gimana sih awal² make biasa² ajh tuh seperti biasa lancar² ajh tapi sekarang udah hadeh 🥲🥲,0
sekarang shopee sudah lebih baik karena ada garansi pengembalian barang hari garansi tempat waktu jadi lebih mantull alias mantap betulll 🏍️👍😎🏍️🙏 mantap 👍🙏😎🏍️😎🏍️🙏,2
sangat nyaman belanja disini,2
jir bisa ngk sih iklan shopee dikuranginganggu bgt lagi buka apalikasi tiba pindah keshopeemana kalau dikeluarin balik lagi keshopee muak bgtt,2
sangat memuaskan,2
terbaik,2
tidak cocok bagi penjual apalagi yg udh gabung star seller setiap transaksi potongan biaya admin nya makanya nilai sahamnya anjlok jualan sebulan disini banyakan untungnya si shopee dari pada penjualnya,0
sangat membantu,2
aplikasi nya udah baguscumaa kadang suka ngelag tibatiba padahal jaringan wifi udah fullpake kouta pun juga gitu kadang juga pas mau ke keranjang liat barang eh ga bisa di scroll keranjang nya mungkin itu aja si minus nya kalo diperbaiki masalah ku bintang nya aku naikin makasihhh😇😋🤞🙆,1
aku puas pke shopee barng yang d krim selalu realpict walaupun ad bbrpa yg td sesuai sih😀,2
update terus heran,0
aplikasi yg cocok buat shopingbuat yg mager keluar rumahdengan harga yg murce² dan free ongkir buat kaum ema yg mendang mending kaya aq di ksih free ongkir seneng bngt 😊😊 langganan bngt sma shopee krna lbh murah d banding aplikasi lain mkasih shopee 🥰,2
shopee sudah tidak jelas lagi barang pesanan yang sudah di bayar tidak sampai udh bulan kita udah laporan selalu di suruh tunggu pindah apk ajak kita pesan barang,0
mantaap,2
rekomend,2
belanja di shoppee josjis,2
mudah kan pengembalian barang yg tdk sesuai pesanan,2
lama bgt menginstal nyaa capek nungguinnya,0
sangat mudah,2
sangat membantu menyelesaikan masalah,2
sangat terbantu dan dengan shopee,2
mantap bagus,2
bisa buat belanja jadi bagus👍,2
shoppe aneh setiap saya pesan barang barang nya gk nyampe dan selalu tertulis pengiriman gagal atau pengiriman ditolak padahal sama sekali gk ada kurir yg dateng nganter paketnya dan di alasan nya dikirim bukti foto lama gk jelas banget pengirimannya 😡,0
sangat mantap,2
good 👍👍👍👍👍👍👍👍👍👍👍👍👍👍👍👍,2
sanga,2
aplikasinya banyak iklan jadi nya lelet👎🏼👎🏼,0
amanamanahtidak pernah mengecewakanbest pokoknya,2
spaylater di bekukan padahal ga ngpain,0
mantap👍👌😇🇮🇩❤🤍,2
mantap pokonamah,2
belanja online aman dan nyaman barang yg datang sesuai pesanan penjual dan kurir ramah semoga selalu amanah shopee indonesia,2
gacor,2
pengiriman lambat,0
memudahkan kita untuk berbelanja,2
biar bintang yg berbicara aja pokoknya belanja di shopee aman dan terpercaya👍👍👍,2
sangat puas dan menyenangkan 🤗,2
sebaiknya fitur shopee video dan games dihilangkan atau dibuat lebih ringan seringkali shopee sulit dibuka atau tidak menanggapi padahal penyimpanan kosong dan data internet lancar,1
bisa berbelanja dengan muyrah,2
best of the best,2
mudahtepat waktu dan klo barang tidak sesuai bisa di kembalikan dengan mudah,2
cukup memuaskan,2
shopping tanpa batas mulai dr pakaian perabot rmh tangga elektronik aksesories lain nya belanja disini,2
shoope memberikan pengalaman berbelanja yg menyenangkan,2
mantap,2
kadang² suka lemot,2
market place yang profesional terdengar dan kredible saya puas belanja di shopee terima kasih sy berlangganan dan cukup puas harga menarik dan banyak diskonnya pengembalian dana sangat cepat sekali 👍👍👍,2
spaylater dan spinjam dipersulit oke oke oke,0
ok,2
top ecomer,2
makin mantap dengan adanya vip,2
belanja di shopee barang bagus amanah di percaya hanya sedikit kekurangan,2
dengan shopee belanja jadi mudah toko²nya pun sangat amana sekali terimakasih🙏,2
aplikasi yang sangat membingungkan,0
sangat membantu lebih ditingkatkan lagi yaa kualitas dan pelayanan terimakasih,2
barang tidak di antar kurir gak taunya di kembalikan parah,0
sangat bagus beli di sini semua lengkap,2
sring macet,2
kecewa berat sama shopee sekarang kenapa paket tiba di batalkan oleh pihak ekspedisitanpa ijin dari kami penerima belum di antar ke alamat tujuan tapi status pengiriman paket di tolak pembeli apa apaan kenapa jadi seenaknya sendiri sih,0
👍oke,2
pelayanan buruk kurang baguspaket udah lebih dari seminggu bahkan minggu ga ada di pertanggung jawabkan cuma voucher doang yang di kasih buat apaa coba,0
pengiriman yang sangat lama paket dah lebih dari minggu gak ada kabar entah dah dimana sangat mengecewakan apalagi dc siborong borong sangat buruk pelayanannya,0
aplikasinya bagus sangat membantu fitur nya pun mudah di mengerti cm syg klu minta update gak pake konfirmasi tiba² pas mo cek out atau bayar jadi lemot terus keluar,2
karena aku di curigai padahal aku cuman mau beli headphone jadi gk bisa beli 😭😭,0
ok banget,2
barang tiba dengan cepat dalam keadaan baik sesuai deskripsi,2
harga lebih murah ongkir gratis,2
ku kasih bintang aja nggak bisa bayar pake dana 🤷 mau cod males jarang di rumah soalnya,0
bagussss,2
saya puas mnggunakan apk shopiee,2
oke,2
lu kenapa dah ada dimana mana iklan mulu gua dah download jangan muncul lagi is,0
pengirimannya lama sekali,0
cuman satu yang saya gak suka dari shopee tiap pertamakali buka aplikasi langsung ke video jadi nglag parah,2
apapun yang aku mau semua serba ada terimakasih banyak shopee 🥰🥰🥰,2
bagus,2
belanja nggak pakai ribet murah dari aplikasi lain yang top dah pokok e,2
sangat kecewa dengan shoppe pesanan satu bulan ngga sampe dan malah di batalin sepihak rugi waktu udah nungguin lama ternyata barang nya ngga nyampe cs nya juga ngga jelas banget pengiriman nya nge stuck pokoknya jelek bgtt pelayanan nya semuaa burukk,0
belanja melalui shoppe respon baik,2
mantaap👍,2
puas buat aplikasi dengan perusahaan sebesar inidari dulu emang terkenal bgt fast cod nya dan potongan harga kurir tapi untuk beberapa bulan ini ntah kenapa ada yg lama nyampe pesanannya bisa sampe minggu pdhl sblmnya hanya seminggu saja tapi ketika saya memberi protes adminnya dengan siap siaga jam buat respon dan perbaiki sampe tuntas makasi banget buat adminnyaaa saran sih min buat ilangin pengiriman hingga minggu itu paket saya juga masi kena tunda selama itu,2
good luck,2
hampir tidak pernah ada yg gagal dalam pembelian produk yang penting teliti baca deskripsi ulasan,2
gabisa checkout,0
oke,2
mantapp masehh,2
semuanya bagus seperti ulasan bintang orang lain kecuali satu ya itu kurir kekurangan uang bensin kah atau uang jajan anak kenapa sih harus berbohong tentang harga pesanan cod contohnya dari yang aslinya k malah dia ngomong nya k kecil sih tapi kalo diterusin ke tiap orang di bumi ini dibegituin apa ga numpuk tu uang haram hanya karena yang terima paket adalah pihak keluarga yang bukan memesan si kurir jadi semenamena terhadap nominal harga saya udh ngalami hal ini beberapa x,0
shopee mantap,2
perlu ditingkatkan,2
good job lanjutkan kinerja mu biar orang makin senang,2
kepada shopee ini sangat disayangkan saya sangat kecewa dengan kebijakan pembatalan manual yang secara otomatis mencegah saya untuk membatalkan pesanan karena saya tanpa sadar telah mencabut pembatalan saya berharap shopee lebih serius dalam memberikan layanan dan saya mohon maaf karena saya harus menolak pesanan online jika datang nanti karena penjual tidak menanggapi pertanyaan saya dan saya komplain soal ketidaktransparanan salah satu toko klaim ongkir terpisah,0
barang di shopee emng terbaik👍 ngk sama di apk sebelah,2
belanja ga ribet dan banyak pilihan,2
sangat membantu,2
mantap,2
bagus,2
maaf saya kasih bintang bukan karna bukan tokonya yg bermasalah tapi karna kurirnya yg terlalu banyak tingkah di rute saya hingga barang pesanan yg saya butuhkan sekali jdi ditunda terus jdi ngeliat kurir ini seakanakan seenaknya dia aja mau nganter paket customer ini apa enggak gtu tolong pihak shopee kurir yg bermasalah atau ga niat kerja itu di kasih sp aja tau ga sekalian di pecat jangan lembek kalian perusahaan besar jangan sampe citra kalian rusak gara para hama pemalas,0
shopee goodsgoodsgoods,2
hati hati yang beli barang dari luar pulau dan pakai layanan gratis dari spx untuk estimasi lambat sekali melebihi beli di alibaba atau ebay udah gitu baru disuruh dm ig fungsinya apa harusnya ditelusuri itu cari solusi bukan suruh dm dm ig adminmu aja cuma ai apa yang bisa diharapkan,0
good,2
menggunakan aplikasi shopee benarbenar sangat memuaskan sangat membantu sekali karena apa ya karena kebutuhan apapun semua ada di shopee dan dengan harga yg terbilang sangatlah worth it tapi kita bisa mendapatkan semuanya overall sangat amanah dan terpercaya belanja di shopee beneran recommended 👍,2
lumayan lah,2
murah ongkirnya cepat pengirimannya selalu amanah,2
bagi pihak shopee di kabupaten pulau morotai itu kurirnya tidak mau antar paket nya dan tidak di informasikan melalui whatsapp hanya melalui aplikasi shopee dan kalau kita tidak mengambilnya di kantor spx express mereka langsung return,2
untuk daerah pelosok kurirnya tidak mengantarkan pesanansampai pesanan batal otomatistolong untuk kurir yg malessan di ganti ajaselebihnya oke banget shopee,0
alhamdulillah cukup baik,2
sangat mudah belanja di shopee,2
semenjak di update jadi ga bisa pake spaylater karena harus verifikasi wajahpadahal sebelumnya masih bisa kalo cuma pake sandi shopeepay,0
kecewa sama dengan voucher yang di berikan shopee akhir ini semakin sedikit banget dari bulan desember januari di kasih voucher kategori pilihan produk tertentudan min belanja rb sedangkan voucher semua produk cuman saja berharap voucher semua kategori balik lagi dan minimum belanja enggak sampai rb lebih,0
karena sesuaiii,2
sangat bagus dan murah,2
banyak iklannya lagi main game ada weh iklannya lawak,1
sangat jelek msak karna satu barang gak bisa cod dan buat akun lagi mesen barang bisa dan mau mesen lagi malah muncul teks kayak ginianda telah menggunakan promo ini jika anda tetap ingin melanjutkan nya akun anda akn di blokir oleh pihak shoopegitu kata nya jadi tolong ya di per baiki,2
ku kasih bintang lima untuk aplikasi ini😍😍😍,2
anak koncet asik lu aj iklan ny bngke lagi enak nonton malah muncul iklan kau,0
sangat membantu sekali dalam berbelanja,2
bertahun tahun pakai aplikasi ini sudah banyak barang di beli dan hampir semua barang nya saya suka walau harga sedikit lebih murah dari toko semoga lebih banyak lagi promo nya,2
shopee memang ok dan semoga shopee semakin sukses selalu,2
shopee indonesia is the best,2
males ahhh tiba diluar jangkauan klo mw pesan shoppefood padahal biasa bisa biasa aja mana berbarengab aplikasi lain masuk aja jangkauan krn udah bisa ganti bintang,2
shopi mantap,2
sangat membantu,2
mau coba blanja disini lagi eh susah sekali dalam masukin pembayaran,1
semakin kagak jelas ni aplikasi warna ijo banyak penjual penipu yang jualan dimari dah komplen bulan proses kirim bukti sana sini kagak ada solusi malah pro ke si penjual yg kirim brg palsu pembeli yang komplen tinggal gigit jari aja dah,0
arif,2
mudah cepat,2
pelit voucher diskon,0
good,2
pelayanan komplain buruk sekali memesan barang senilai belasan juta barang tidak diterima tapi status diterima sekelas tokopedia investigasi main tidak profesional bukan bertindak sebagai investigator hanya messenger judgement hanya berdasarkan respon bukan bukti bukti yang disampaikan hanya dianggap angin masalah bisa selesai cepat tapi jadi berlarut hingga bulan lebih no more tokopedia,0
pengirimannya cp pertahankan tapi klau apk nya lemot untuk d buka bintangnya q kurangin 😠😏,2
aplikasi yang mengangu,0
heii bintangnya di kurangin ini udah hari gak ada update pengiriman gak tau pesanan udah hilang apa gimana biasanya kalo belanja yg murah murah update tiap hari sekali belanja yg mahal gak ada update sama sekali apa udah di curi pesanan sy apa gimana tokopedia kok makin parah,1
ini siapa sih yang suka rubahrubah menu di aplikasi bikin ribet ajah tiap kali update,2
mantep,2
diskonnya kebanyakan di buat untuk produk pilihan gak asik ah terlalu pilihpilih pembeli,1
apakah tokped bangkrut jaringan lancar video lancar buka tokped kok sering muncul gambar gangguan server,0
konsultasi kembali harga tidaksesuai postingan,2
josss,2
pelayanan sangattt dalam proses pengembalian dana retur yg sgttt lamaaa terkesan pihak tokopedia lbh memihak kepada penjual yg nakal dan licik sengaja di lama² in proses pengembalian dana nya berbeda jauh dgn layana belanja di shopee,0
bagus,2
semoga toko pedia menjadi ritel yg amanah dan selalu menawarkan barang dgn mutu dan kwalitas terbaik tks,2
tolong dong dibenerin fitur rating nya masa mau kasih bintang gabisa jadi ga enak sama tokonya dateng bagus pengen rating malah gabisa hedrh,1
sangan puas,2
akun saya di bajakhacker pelakunya duatigasatuxnoltigaxsatuenam enam alamat pengiriman barang jne sirah pulau padang tolong di tindak lanjuti orang tersebut sesuai hukum di negara kita uu itebuktinya sudah jelas tertera di alamat pengiriman barang,0
ga mau lama² gua rating buruk aja sekalian ga ngasih solusi dan terlalu bertele² buat tokped care berserta isi²nya tolong itu saldo tapcash saya ga masuk udh lapor malah ga dpt solusi dikasih tiket ga ada penjelasan yg pasti disuruh nunggu lagi pdhl udh mau jam dr waktu pembelian udh gt csnya kaya bot lagi liat tokped,0
bagus untuk barang mudah ketemu,2
ngaco ini alamat map nya jalan sama nama alamat tidak sesuai geser kurang lebih meter area kota bekasi jadi nama jalan tidak sesuai aslinya,0
semua nya bagus sebenernya cuma mines di kurir ga sopan banget ga kaya kurir sebelah lain kali kalo kurir itu preman jangan di terima dong,0
sukses,2
iklan memaksa,0
proses cepat dan gampang,2
waduh kenapa banyak renting buruk nya sih jadi ga mau belanja di sini,0
mantapp,2
cepat dan mudah,2
barang agus bagus,2
memudahkan dalam segala sesuatu,2
tanggapan dan ketepatan waktu terhadap pesanan sangat memuaskan terima kasih,2
the best aplikasi online shop,2
woyyy apaan punya tagihan di gopay ga ada reminder sama sekali h baru ada notif saya beli barang cuma k dendanya k gara telat hr jadi bayar k cuma untuk deo kecil noh aplikasi oren aja h otomatis di reminder di wa ybs,0
nice,2
belanja di tokopedia towgarage,2
banyak penipuan ditoko pediaharus hati hatidan mau komplain susah,0
sangat bagus,2
banyak gratis nya,2
update trus bikin lemot nggak ad perubahan berartibuka app langsung iklan pelapak bukan homekembalikan ui yg lama👎 divisi it nya anak magang ya ganti yg lebih berkompeten,0
saya sangat terbantu adanya tokopedia tp sy mintak ongkir gratis bisa gak nanti sy mau belanja terus,2
makin sini makin gak jelas masa potongan sampe ribu gila aplikasi tokopedia tiktok,0
masih setia semoga makin bagus pelayanan nya,2
aplikasi semakin ancur semenjak gabung sama tiktok shop makin rumit makin gajelas,0
kenapa pembayaran tiktok payleter gak ada di dasbor yahmau byar tiktok payleter jd gak bisa,2
sekarang harga di markup semua ya mau bangkrut sepertinya 🤣🤣,0
mantap,2
loding terlalu lemot,0
cukup dirumah bisa belanja apa saja,2
bagus,2
aplikasi toko pediacuma buat belanja saudara,2
banyak diskon ongkir,2
kecewa mau pindah aplikasi,0
saya di tipu jt oleh seller di tokopedia lapor kemana yaa,0
sungguh terlihat luar biasa trims,2
pelayanan tokopedia sangat mengecewakan bonus yang diberikan memiliki nominal besar namun kebijakan penggunaannya diubah secara sepihak tanpa pemberitahuan pada akhir desember bonus masih dapat digunakan secara wajar kini dibatasi maksimal dari harga barang sehingga secara praktis hampir tidak dapat digunakan sk menyebutkan maksimum penggunaan rp per hari namun batas tersebut tidak relevan karena tetap dibatasi pertransaksi hal ini membuat bonus kehilangan nilai manfaat,0
bagus,2
maaf ni ya sebelumnya biasanya tu kan klo kita beli barang lebih banyak biasanya akan lebih murah ni tpi ini kok tambah mahal aja ya misal ni kayak aku mau beli foto harganya k saya mau beli ni tpi pas saya lihatlihat harga totalnya mahal banget ya sampai k cuma buat foto aja dan seharusnya klo pembelian pertama itu dapat diskonnya klo ini gak dapat dan saat saya mau gunakan bonus dari tiktok juga gak bisa dan diskon yang lain gk bisa di pakai saran semoga bisa lebih murah lagi y,2
kurang nyaman berbelanja di tokopedia sekarang untuk mendapatkan free ongkir harus beli paket dulu ribu kerja sama dengan tt malah makin buruk 👎 kalah saing dengan shoppe tidak perlu beli paket sudah dapat free ongkir instan pun start belanja ongkir sudah rupiah kalo di sini belanja ribu ongkir masih aja bayar,0
saya heran awal tahun ini apk tokopedia semakin ngawur menampilkan sale sale terkesan hebat tapi ketika di pencet tombol beli lgs tarif berubah ngawur jgn menyesatkan dlm memberikan layanan penjualan kasih yg tdk bgt teliti yg akirnya bisa jadi masalah,0
apk sarang penipuan,0
baru pake lg aplikasi tokopedia jgn smp lemot ia keluar terus aplikasi nya,2
toko nya banyak yang ga anamah sering di batalin penjual,0
harga ongkir k,0
alternatif terbaik dalam berbelanja,2
keren,2
keren promonya🔥,2
iklan detik stuck terus di detik ke berkali lagi iklannya padahal uda back apk masi tetep iklan yang sama perbaiki lagi iklannya jgn terlalu maksa,0
waw aku sangat puas dengan aplikasi ini karnah sangat membantu,2
bagus banget apk nya,2
lambat banget di hp samsung muter terus padahal di tablet yg gambar tampilnya lebih banyak ga nge leg,1
dulu sering belanja di sini tapi sekarang sepi harga mahal diskon ga banyak kayak dulu barang sedikit dan ini gabisa dibuka app nya force close trus,0
mudah dan dipercaya pembelian di toko pedia,2
sejauh ini puas belanja ditokopedia,2
tahun kemarin kecanduan belanja ada gratis ongkir tapi sejak tokopedia gak ada lagi gratis ongkir mending pindah ke lazada,0
aplikasi lemot,0
terimakasih sangat membantu,2
layanan paylater telat dikit yang nagih gak pakai etika,0
mantap,2
mantul,2
cayo toko pedia dukung umkm indonesia jgn mao kalah sama asing,2
notifikasi semakin bait scam membohongi orang dikira memang penting mendesak ternyata cuma umpan dan yang terbuka lapak orang dan frekuensinya cukup sering sudah seperti aplikasi murahan,0
mantap,2
memudahkan pembelian,2
ok,2
saya tidak terlalu banyak pengalaman di sini tapi saya akan tetap berusaha,0
mantap,2
gak usah bertingkah kek apk sebelah cobain,0
respon seller super lemot,0
jangan belanja di tokopedia saya cek out dan sudah bayar barangnya lama bgt kirimnya giliran minta refund juga dipersulit tokopedia ini maunya apa,0
lemot sampe harus bolak balik instal uninstal,0
ubah nomor hp aja error terus emang aplikasi gajelas,0
erroorr mulu toped kalo mau bangkrut bilang aja gk usah nyampah masa mau order gk bisa di pakai timbul logo doank,0
susah nya masuk n chatting,1
oke,2
lemot banget buka kategori liat barang lalu kembali ke menu beranda malah kembali ke awal kadang udh schroll sampe bawah malah kembali lagi diawal kadang lemot dan berat,0
ok,2
banyak seler toko yg ga aktifjdi klo co g di kirim orderan udh masuk sampe di batalin otomatis oleh sistemjdi males belanja do tokped tolong perbaiki lgi,2
belanja lebih praktis ketika ad paylater,2
banyak diskon,2
tokopedia saya transaksi beli paketa data kirim ke nomor orang transaksi berhasil nomor udah benar tapi paketnya tidak ter isidan gk ada bantuan di aplikasi nya rugi saya 😡 sengaja bintang biar terbaca,2
kenapa tokopedia melakukan pembelian listrik secara otomatis dengan menyedot otomatis gopay sya ya mohon tindak lanjutnya tokopedia ternyata sudah beberapa bulan dan tidak saya tahu dan baru saya tau sekarang,0
om saya kena tipu dg tokped padahal dt tf ke virtualtokped di cari story pemesanannya ilang gda,0
sangat bagus dan mudah praktis,2
aplikasi komunis cina penjajah isi nya penipu semua komplain muter muter sdm dungu beli barang kosong ga ada isi cuma packing aplikasi scam,0
kami menemukan problem apk terakhir update des yaitu chat dari penjual tidak dapat kami terima hanya notif chat yg kami terima tidak bisa lihat isi chat dari penjual bila cari barang dengan batas harga barang fitur filter misal minimum rb maka barang yg muncul masih ada yg harganya ribuan ini program querynya gimana ngaco,2
list barang sering refresh kembali,0
terimakasih sudah merekomendasikan toko yang amanah dengan harga dibawah standar resmi nya,2
aplikasi sangatlah dimana ada call center ga ada untuk pengembalian dana sangat lama prosesnya dan itu beda sama aplikasi orange,0
status pesanan tidak bergerak barang ga sampe sampe tokopedia kasusss,0
makin hari makin lemot aja nih aplikasi,0
sekarang terlalu berat aplikasinya,2
aplikasi nya bagus buat beli barang,2
simple mudah cepat,2
okeh,2
ongkirx mahal banget,0
update penilaian dari bintang 🌟 🌟 jadi bintang 🌟,0
semenjak gabung sama toktok jadi 💩 banget,0
baik,2
hapus pengiriman gojek instan dan same day udha hari gk ada yg ambil orderan,0
aplikasi setan,0
tokopedia x tiktok 👎,0
banyak transaksi yg gagal jika memakai kode promo ketika transaksi lagi kode promo sudah hangustidak bisa di pakai lagi curang,0
mahal bngtt barang di toko ijo inii mana gaada promo gak ada gratis ongkir jauhh bngtt sma si oren hrga nya nyungsep,0
jan muncul terus lah di iklan gw main terganggu,0
belanja on line yg dpt dipercaya,2
puasss sekali belanja di tokped lengkap tinggal klik dan ongkir gratis,2
sudah bagus,2
saya beli roda geretek datang talenan saya sudah komplain tapi ga jelas hasil nyasudah hari ga ada kepastian,0
saya pesan barang ditokopedia sudah berhari² tidak update status paketnya btw pakai jne super lemot bgt cs tokopedia hanya menggunakan bot tidak bisa bantu follow up ke jasa kirim itu paketnya tidak knjung sampai csnya tidak bisa membantu menyelesaikan maslah tidak memberikan solusi yang bagus untuk pelanggan alih² menyelesaikan masalah malah kasih artikel doang cs botnya ga guna tlong perbaiki sistemnya agar pengguna lebih nyaman btw saya psan di pert des sampai jan blm dtg,0
aneh sudah cari satu brand di search bar kemudian scroll jauh kebawah lihat satu produk tidak cocok saat di tap kembali benarbenar kembali dari awal scroll lagi jauh aneh kenapa tidak dibuat saat kembali ada diposisi scroll terakhir,1
saya belum bisa menambahkan bank yg saya punya karena tdk menampilkan pilihan bank,0
terlalu biasa,0
saya mau hapus produk ga bisa bikin binggung aja sejak digabungkan dengan tiktok,0
ok,0
iklan anjj,0
pembayaran paylater tiktok shop tokopedia tidak bisa dibuka imbasnya saya belum bisa bayar cicilan padahal uang sudah ada mengapa,2
sy barusan terkena penipuan pd transaksi tolong pengamannya lebih ditingkatkan,0
keren,2
komplain tidak ada tanggapan dari pihak tokopedia,0
pesan tanggal batal otomatis tanggal tanggal transaksi menunggu dan saldo belum dikembalikankomplain engga bisa dan gda pilihanaplikasi gila,0
tokopedia ongkir nya mahal gak kaya yang sebelah harga barang mahal aplikasi berat dan pelut diskon uninstal aja,0
tokopedia top markotop pokoknya,2
banyak penipu di aplikasi lu dengan rating palsu harus di urusin jgn cuman cuan doang yg dipikirin gimana cara nya masyarakat percaya kembali dengan digitalisasi toko hijau,2
untuk yang sekarang tidak berat nicceee banget lah tapi minta dilancarin aja kalo masuk pertama,2
kecewa sama apk tokopedia setiap mau top up gemes sama pulsa transaksinya di batalin trussama saldo nya di kembaiinbikin emosi aj 😡,0
akun tokped saya di blokir gara² ada oknum yg mencoba msk ke akun saya udh bikin keluhan ke cs tp gak ada penyelesaian sama sekali padahal itu akun udh lebih dr thn,0
good,2
mantuuuuuuuuuul,2
puashati,2
kasih peta map napa kek sebelah,1
tidak bisa dipakai pesan promonya lama hilang,0
tolong bantu saya pengembalian dana waktu itu pembayaran via virtual acount pembayaran sekitar rb lebih,0
sulit banget buat komunikasi dengan costumer service nya,1
waktu untuk membuka aplikasi kali dibanding aplikasi shp lebih baik tutup saja,0
ok,2
tes dulu,1
tokopedia mantap transaksi mudah banyak diskon dan promo yang menarik pokoknya,2
tidak mendukung umkm seller kecil jadi lbh susah di banding sebelum merger dgn tiktok,0
nice sudah ada perkembangan,2
hati hati transaksi lama,0
good,2
pertama kali beli di sini udah kena tipu tampilan di aplikasi tidak tertata sehingga pengguna baru kesulitan menemukan toko yang amanah lebih banyak yang nggak amanah udah chat ke penjual sejak hari pertama checkout tapi ga ada balasan tiba udah menunggu diserahkan ke kurir baru balas udah gitu bilangnya stok kosong kan bisa ditolak ajaaa sebelum dikonfir,0
mantap,2
bayar cod dong adakan,1
tuh kebukti balesannya aja gw tanya menu minta bantuan admin gk ada balasnya tentang login tokopenyamun,0
sangat cocok untuk anda belanja,2
bagus,1
sering tidak update otomatis harus refresh manual,1
bagus banget aplikasi ini,2
metode pembayaran di akun saya semakin sedikit gak ada metode cicilan,2
ui enak sistem bagus security proteksi bagus banget cuma tolong dong kalo buka aplikasi jangan langsung direct ke produk tertentu gitu contohnya skrg hp techno,2
banyak diskon,2
top,2
sudah bertahuntahun pakai aplikasi ini makin kesini makin lemooottttttt,2
bagus,2
min saya ada pesanan sudah di bayar tetapi pesanan belom di buat mohon di bantu,0
aneh nih apk udh di hapus aplikasinya ga punya tiktok tibatiba datang paket,0
respon nya bagus cepat,2
ongkir pake reguler serasa pake yang ekonomi mana udah bayar mahal ongkirnya b aja dlu untuk mu apk hijau beda skali sama apk orens biar overload tetap normal pengirimanya terlambat yah pling hari aja,0
ok,2
banyak toko yang barangnya kosong tokopedia tidak melakukan pemeriksaan atau audit,0
mantap,2
gampang pembayarannya pakai gopay,2
mantap bisa dipercaya,2
banyak penjual kalau di chat balesnya laaaammmbbbbaaatt sekali bahkan ada yang tidak di balas sama sekali kaya gk resposif jadi langsung mikir ni penjual niat jualan gk sih udah di tunggu hari gk ada balesan ya udah sih itu aja dah lah males belanja pake app ini lagi 🐄💨,0
sampah,0
bagus pelayanan nya,2
aplikasi lemot ga ada gratis ongkir medit banget,0
ok,2
bikin ekspedisi sendiri biar bisa gratis ongkir percuma harga murah tapi ada onngkir,0
bagus,2
best,2
iklannya langsung buka aplikasi anjir,0
belanja hemat ya d tokopedia aja,2
baru juga sekali pakeudah ditahan aj dananyapenanganannya lamaudah jelas namarekening dan history pembeliannya berhasilmosok narik uang sendiri pake acara ditahan segala,1
pelayanan cs tokopedia buruk,0
bagus amanah terjangkau selalu ada kejutan,2
baik,2
punya bonus tiktok lumayan banyak tapi ketentuanya cuma bisa dipakai ℅ per transaksi mending ga usah sekalian,0
tetbaik,2
awal awal dulu enak aja penanganan dari team tokpedtpi sekarang jadi kacau penanganan jelek parahmasak udah harian barang gk datang padahal udah sya bayarchat admin tokped tapi gk ada kejelasan uang juga gk kembali untuk pengguna lain sebaiknya hati hati kalau bisa pakai aplikasi sebelah aja kalau blnja,0
ok,2
tokped rekomen tuk belanja barang berkwalitas respon jg baik sejauh ini semua berjalan baik,2
mantap,2
senang belanja di tokopedia semua barang ada,2
kejar diskoooooooon 🥰🥰🥰,2
tampilan interface iklannya rapi dan bagus gak menutupi konten aplikasi nya pun gampang dimengerti penggunaan nya cocok dapat bintang,2
niat ga sih bikin promo mau topupml kena pengembalian dana mulu akun udah ganti tetep aja ga berubah,2
belanja murah dan mudah tinggal kliiik nyampe dirumah,2
baik,2
gimana cara komplein top up emoney dari tokped di proses terus dari pagi sampe malam padahal duit udah di tarik tapi ga masuk masuk ke emoney nya jawab tokped,0
server makin lama makin kesini ngga jelas beratbikin cepat panas hp bentar bentar ganguan,1
top,2
jaringab error mulutolong di perbaiki padahal pakai wifi,2
semoga ga barang sesuai,2
lelet banget padahal buka apk lain bagus lancar udah gitu proses komplain di persulit banget lagi,0
sabar baik,2
pelayanan yang cepat dan akurat tks,2
tokopedia mantuuul,2
sangat membantu dlm belanja kami,2
bagus,2
buat buka aplikasi super lemot padahal jaringan bagus buat buka online shop lainnya lancar tolong dong di perbaiki,0
mantap,2
update tp makin berat ga optimize sm sekali kah ga cek performance api apps nya,1
jd harus belanjanya ke toko sebelah dulu krn harus update aplikasi sementara memory sdh penuh😞😏 challenge but have to do📛 happy new year🎉 💫,2
semoga sesuai dengan harapan baru order semoga amanah,2
murahhhhhh,2
sangat membantu dalam belanja online,2
aneh banget makin kesini makin pelit vouchernya biasanya tiap hari ada voucher gopaylater sekarang sudah tidak ada padahal pengguna setia gopaylater pembayaran selalu tepat waktu tidak pernah nunggak bikin kecewa aja,0
saat ini untuk urusan persaingan promo dan kupon diskon kayaknya tokped udh ngk mikirin lagi semenjak isu mau dijual sahamnya ngak pernah ada lagi promo kupon yang gilagilaan kaya di periode januarinovember kayaknya udh saatnya pindah aplikasi kalo emang sekarang udah ada pergeseran di fokus menejemennya ngak penting lagi customer centric,1
jangan terlalu sering di update bikin kesel aja ini aplikasi,1
okeeeeeee,2
makin kesini aplikasi makin berat aj sihsering bug,2
wih skarang makin mantab tokopedia 😘😘,2
top lah,2
sangat cocok utk belanja secara online dan dengan mudah secara pembayaran bagi para konsumen semoga tokopedia selalu sukses lancar dan menjadi aplikasi belanja online nomor di indonesia,2
baguessss,2
makin di update makin cacat susah bgt buat pembayaran padahal sinyal bagus,0
lebih bagus yg dulu jualan gk ribet ini ribet sekali baru saja pengn jualan satu biji saja ribet amat klo dulu gampang satu aplikasi dah bisa beli sama jualan yg sekarang harus maauk tiktok lah konfirmasi ini itu,0
saya sudah lama pake aplikasi ini sangat membantu,2
memuaskan,2
mantap,2
kepada tokopedia di akun saya terdapat kendala dimana menyebutkan alamat terlalu jauh tidak ada kurir yang menjangkau tolong untuk segera diperbaiki posisi saya masih di pulau jawa provinsi jawa tengah dan nggak pelosok pelosok amat shope aja masih bisa jangkau kok ini enggak ini gimanaa,1
dikasih notif promo mau beli lah kok promonya tidak berlaku silahkan transaksi tanpa promo abal sih promonya ini aplikasi,0
lumayan bagus,2
keren,2
gabisa dibuka cuma di loading screen terus keluar hp saya android dan ram gb tolong gimana ini,0
sangat suka belanja disiniterbantu sekali terima kasih 🙏,2
tokopedia oke,2
lumayan untuk cari representasi,1
promo tidak berlaku silahkan transaksi tanpa menggunakan promo trus ngapain ada promo nempel di akunku wah cari mangsa buat nipu ini aplikasi,0
maaf tpi knp akun saya yang lama ilang trus pas bikin ulang g bisa ampe susah saya bahkan pas saya udh bisa disuruh bikin alamat g bisa alamatnya disuruh pake huruf angaka ama tpi ketika sudah tetap g bisa ini gmn ya saya punya aplikasi ini sama aja kyk cuman pajangan tolong di liat²tin ulasan²nya agar bisa membuat aplikasinya lebih nyaman di pakai orang🙏,0
saya pengguna lama toped skrg terlalu sering gangguan dirumah toped nanti tak ubah ratingnya kalau udah bener g ngebug terooos,0
kurang canggih sekarang jaman nya bayar pakai qris tapi tokped gak bisa kalah sama warung klontong madura dan tukang cilok dkt rumah gw,0
bagus,2
okay,2
pihak tokopedia sangat tidak membantu saya ditipu hampir jt tapi saya tidak bisa dapat bantuan dari tokopedia penjual membatalkan tapi dana pembelian tidak kembali,0
harga jauh lebih mahal dari shope padahal toko yang sama dan barang yang sama tapi harga jauh lebih mahal di tokopedia saya bandingkan kan harga barang di tokopedia hampir semua nya lebih mahal,0
saya pengguna keduanya antara si ijo dan si oren mau dilihat dari sudut pandang manapun si oren jelas lebih unggul dibanding si ijo,0
tolong diperbaiki pesan selalu tidak bisa dibuka,2
tidak mendapatkan diskon pengguna baru,0
bagus,2
aktivitas pembelian komplain sangat mudah dan terbantu,2
apk pelit promoo asli belum kadaluarsa lo promonya malah disuruh beli tanpa promoo percuma bagi bagi promoo ngentdd,2
👍👍👍👍,0
praktis dan efisien,2
ok banget,2
mamtabb,2
kepada pt tokopedia kenapa saya beli pulsa dari aplikasi tokopedia dari jam wib sd jam wib tanggal januari belum masuk juga pulsanya saya sangat kecewa padahal pulsanya sangat penting mau di pakai buat telpon,0
pas yang dituju,2
memudahkan transaksi mkasih tokopedia,2
barang disini mahal² awalnya murah tapi pas mau di co jadi mahal banget,1
apk berat,0
mantep,2
sangat membantu kebutuhan,2
ok baguss,2
sampah toko power dapat melakukan penipuan sistem bobrok,0
mengecewakan mending toko sebelah yang cashback bisa buat potongan hargagk ada syarat²,2
bagaimana caranya isi saldonya,0
mantap,2
makin makin di tokped barang cek out seminggu yg lalu gk dikirim kirim penjual dibiarin aja ama tokped udah gtu gk bisa cancel lg buang buang waktu ni belanja ditokped mau belanja ke yg lain takutnya tiba tiba ini fikirim serba salah asli nyesel mending shopee kemana mna sih kebijakannya,0
pesanan saya di cancel mulu ama kurir nya,0
tidak pernah dapat promo ataupun bebas ongkir,2
sy akan menggunakan aplikasi ini,2
toko nya amanah semoga tetap jaya aamiin🤲🤲🤲,2
mantap,2
bagus,2
apaan promo tidak berlaku silahkan belanja tanpa promo kalau kagak ada promo jangan tunjukin harga murah dari awal bgst habisin waktu aja mending beli pakai aplikasi lain,0
bagus,2
bagus,2
promonya hilang pas jadi mau beli eek,0
aplikasi nya berat banget di hp ram gb,0
jangan kasih diskon pa kalau tidak bisa beli pakai diskon bikin aplikasi tapi tidak mau dipakai aneh,0
bagus,2
ga bisa check out pindah beli di toko lain malah diskon dan bebas ongkirnya hilang aplikasi apa ini,0
dipakai check out diskonnya langsung hilang aplikasi penipu harga,0
bagus,2
uang saya tidak kembali barang yang saya beli di kembalikan ke penjual secara sepihak dan dana saya tidak kembali rb alasannya biaya ongkir tidak dikembalikan padahal bukan saya yang batalin pesanan kenapa saya yang tanggung ongkir nya,0
ada masalah dengan penjual yang diterima via ekspedisi resmi tokopedia hanya nota barang yang dibeli tidak diterima tapi status pembelian telah selesai tidak ada solusi dan peran mediasi dari tokopedia hanya disuruh berkomunikasi dengan penjual yang sepertinya tidak ada itikad baik ngasih ulasan negatif ke penjual tidak bisa selalu ada notifikasi kesalahan jaringan lengkap sudah ketidakprofesionalan tokopedia cukup terakhir ini bertransaksi di tokopedia,0
bobrok reset pin aja gak masuk² di wa,0
gimana ini tak ada kontak masuk baik sms atau telpon ke pelanggan tiba dari kurir mengatakan pengiriman pertama gagal akan di kirim ulang padahal gak ada berita apapun,0
mantabsetiap transaksi lancar,2
oke,2
good,2
woi server itu di upgrade lah masa hampir setiap beli barang gagal terus transaksi nya dan harus di coba berulang kali padahal internetnya udah rarusan mbps loh,0
tetap lancar dengan berbagi bonus kiriman instant ok joss,2
makin lama makin gak jelas nih aplikasi,0
woi gw mau main game keganggu sama iklan lu terus,0
sangat membantu sekali,2
sangat membantu,2
aplikasi jelek udah pilih lama malah beda harganya waktu mau check out,0
kecewa banget sama tokopedia mana baru ngaktifin langganan plus malah di hentikan dana gak dikembalikan lagi jadi gak mau lagi belanja disini,0
lelet bet buka dm susah amir,1
toko pedia ini sangat bagus,2
minyk sunco kena kmurh bgt,2
setelah update aplikasi makin berat pencarian akurasi menurun banyak seller harga ngawur sayang sekali,0
jaringanya lemah padahal buka yt kualitas k panjang menit menit kelar eeeh buka ini pake acara gagal gagal eror eror gajelas,0
mending shopee dari pada ini,0
aplikasi nya orang bodoh isinya tipuan dan jebakan tolong bagi pengguna shop online lebih jeli lagi saya sarankan stop berbelanja di tokopedia karna masih banyak shop online yang lebih baik 🙏,0
bagus,2
ok,2
jangan dwh belih hp di sini,0
cust service slow respon dan jawabannya itu saja,0
isi pulsa dibatalkan kok saldo gopay nya ga diganti kecewa berattt ih tokoped,2
semenjak merger tiktok pesanan instant yg biasa cri driver instant menit skrg bisa sampai jam dan tolong kasih fitur bisa lihat nomor wa driver biar seller bisa hubungin driver,0
saya kecewa dengan tokopedia pada hari selasa desember saya melakukan transaksi pembayaran bpjs tapi ternyata blm berhasil padahal keadaan darurat anak saya sedang dirawat di rsud cengkareng butuh respon secepatnya dari tokopedia untuk ditindak lanjuti segera agar kami bisa melakukan pembayarannya dan dana nya bisa di refund ketika tidak berhasil dibayarkan terima kasih,0
mau beli aja terjadi kesalahan pada server terus,0
mantap cepat respon nya,2
barang barang di tokopedia bagus bagus dan berkualitas tinggi,2
oke,2
kenapa tokopedia tidak bisa memilih kurir saat ceckout ini membuat saya persen suka di warna orange karena bisa memilih kurir dan memilih biaya pengiriman dari yang nol rupiah sampai yg mahal jadi memilih kurir itu sangat penting untuk pembeli jika tokped masih mempertahankan sistem kurir di pilih aplikasi tokopedia siap siap jatuh rugi besar nantinya masa ga mau niru si orange yg oke banget bisa milih kurir dan milih biaya pengiriman,0
gratis ongkirnya nanggung kalah sama toko sebelah,1
bagus banget aplikasi ini ⁠≧⁠▽⁠≦⁠ 👍🏻✨✨,2
ok,2
harga yg normal klo bisa sering free ongkir,2
sip mantap,2
voucher ongkir gapernah ada dan gapernah tersedia pdhl pngn beli sesuatu tapi udah setengah tahun gak ada voucher ongkir sama sekali bahkan untuk pesanan rb keatas gak dapet potongan ongkir dan gak ada voucher tokped makin kesini makin pelit apalagi untuk akun yang udah lama sangat pelit gimana orang gak beralih ke aplikasi sebelah klo gini trus,0
saran saya buat tokopedia setiap orang membuka aplikasi tokopedia langsung diarahkan ke feed video seperti aplikasi shopee mohon diperbaiki karena orang lebih suka video produk dan affilitor semangat berkonten tks,2
pelayanan untuk konsumen harus slalu pasti tepat waktu sesuai estimasi tiba untuk seler yg nakal kirim barang hoak baiknya di banned saja mkasih🙏🛵🤠👍,2
ok,2
keren bust harian berbelanja,2
hallo tokopedia kenapa ya pada saat transaksi waktu pembayan selalu eror seperti pada saat ingin memilih pembayan memalui apa itu terjadi eror,2
very good,2
notifikasi pesannya masuknya pas dateng barang dan barang harganya terlalu mahal,0
mantap,2
platform lebih melindungi penjual penipu daripada pembeli urusan meminta dana dikembalikan sangat ribet dan lama dan tidak ada kepastian,0
aplikasi belanja paling parah apalagi jasa kirim nya saya sampai hilang juta gara jasa kirim tokopedia parah banyak penipu na,2
jarang memakai,2
jossss jisssss,2
sering banget spam notifnya,0
desember transaksi beli parfum gpi paket diterima pecah proses resolusi hari belum ada progres sangat mengecewakan,0
jarang gratis ongkir ongkir mahallll,2
bagus sii,2
masak saya download aplikasi ga ada garis buat scan qr,0
ok,2
berat banget nih app padahal hape udah kuat lama kayak si oren jadi app buat benchmark hp parah,0
gak bisa bayar esamsat jawa barat sejak pagi sangat mengecewakan 👎🏻,0
tokopedia mantap,2
kacao parah ni toped makin ga jelas saja daftar disuruh masukin kode pin sudah di masukin tapi ga bisa parah ni uninstal saja ga ada manfaar nya sama sekali,0
the best aplikasi,2
kurir lemot bgt,2
tolong untuk toko yang diikuti otomatis urut sesuai abjad sama langganan untuk plus jangan terlalu mahal,0
penjual harus berikan stok nyata di halaman produknya kami pembeli hanya lihat stok masih ada cukup lumayan jadi kami pesan dan tf ternyata stok habisss untunglah saldo kembali tapi ini menghabiskan waktu,2
waktu pilih barang ada promo blabla bla begitu bayar promo tidak berlaku anda bisa berbelanja tanpa promo jadi males belanja disini,1
sayang masih banyak penjual hoaxyang tidak bisa merealisasikan orderan,2
top bgt 👍👍👍,2
ni apk banyak gangguan mau search kok error conected ga ada padahal buka shopee lancar pencarian muncul,0
jelek banget spam notipikasi penipuan lagi banyak pesan sistem konfirmasi pesanan tertunda dan lanjutkan tapi kalo di klik malah iklan listerin jelek banget user interfacenya 💔 kalo ada bintang minus ini ku kasih kecewa banget dan ga mau lagi pakai aplikasi ini lagi,0
mahal bet tu ongkir,0
pembayaran mudah,2
makin kesini makin susah pakai refund dana,0
aplikasi belanja online terbaik,2
good,2
tokopedia keren,2
mantap bosssss,2
bagus bisa belanja tanpa khawatir apa apa dan selalu amanah,2
bagus banget,2
bjir berasa kena tipu promo cashback saya kira bakal jadi saldo gopay coin ternyata mesti di belanjaain mana ga bisa di pake full langsung malahan cuman kepotong product dana cashbacknya 😅,0
mantap banget,2
sekarang banyak akun seller penipu,1
sangat membantu dalam melakukan proses transaksi semua barang udh terverifikasi jadi aman kalau mau belanja,2
apk jelek gak ada gratis ongkirnya dan lama untuk pengiriman barangnya,0
good,2
aplikasi ini cukup bagus,2
keren,2
turun aja bintangnya krn cicilan dana tidak ada,0
makin parah aja belanja di sini mau tanya stok ke penjual aja sunyi senyap gada balasan pesan barang beberapa kali setelah melakukan pembayaran barang sering tidak dikirimpembatalan oleh penjual benar mengecewakan apk sampahh kapok belanja disini,0
tokopedia satu developer ya sama duolingo,2
memelihara penipuan dan tidak menindak lanjuti penipuan respon admin customer service saat ini sangat mengecewakan tahun lebih menggunakan tokopedia untuk bertransaksi agar terhindar dari penipuan namun saat ini sangat kecewa karna tokopedia memiliki sistem yang lebih menguntungkan bagi sang penipu bukan menggunakan skema pihak ke tiga yang dapat menetralisir penipuan,0
oke semoga barang sesuai pesanan konci ring mm,2
gopaylater tdk bisa digunakan,0
terimakasih seller,2
kepada tokopedia untuk pengiriman gosend nya tolong di urus agar tidak meminta uang parkir segalasaya gak tau tokonya ada dimana,2
aku suka belanja di sini,2
ribet bgt refound doang,0
sangat membantu,2
belanja online yang baik serta memberi diskonnya layanan antar sesuai jadwal pengiriman dari luar kota ada juga dapat gratis atau diskon ongkir,2
pas buka metode pembayaran apapun nge lagnya minta ampun udah menit lebih ga muncul muncul pembayarannya,0
bagusss,2
banyak penipuan tokonya payahhhh,0
pelayananya cepat dan tepat harga barang sesuai kuwalitas,2
sangat membantu,2
semoga toko pedia amanah,2
baguslumayan,2
belanja mudah ndak ribet,2
baru pertama kali ini menggunakan aplikasi ini masih uji cobauntuk sistem jaringan tokopedia lemot kadang konek kadang tidak tolong tingkatkan lagi sistem jaringannyapadahal jaringan di daerah kami sudah bagus,1
apl toped sllu di genggam an ku membantu dari segi rumah tangga kebutuhan apa sj ada semuanya cukup klik apa yg kita cari ada di sini simpel praktis ga repot is the best toped,2
saya baru saja melakukan belanja pembelian pulsa dan pembayaran air dengan metode pembelian pembayaran sekaligus dana dari bank sudah terpotong total ribuan dan status berhasil namun tidak ada pulsa masuk padahal saya isi nomor hp berbeda tidak ada notifikasi juga dari tokopedia bahwa transaksi berhasil sepertinya saya harus berhenti pakai tokopedia sejak dikelola tiktok jadi banyak gk jelasnya manusia untuk cs aja gak ada hanya template jawabanya,0
bagussssss,2
sangat membantu untuk kebutuhan seharihari,2
semoga amanah terpercaya,2
sangat membantu,2
toko pedia sangat membantu kemudahan belanja,2
luar biasa,2
sebelumnya saya tidak bermasalah belanja di toko ini kemaren kena tipu sampe juta lebih saat saya komen di ig tokepdia selah beberapa lama ada yg nelpon dari pihak tokopedia care awalnya mau membantu pengembalian dana eh malah saya kena tipu dan sampe sekarang no simpati saya di salah gunakan sampe meminta transferan uang ke no tersebut,0
aplikasi sampah sudah bayar mahal mahal ongko kirim reguler dengan lion parcel malah pengiriman nya lebih dari minggu pesanan ditolak malah ongkir gak di kembalikan malah nyalahin pembeli karena menolak kiriman yang lebih dari minggu baru di antar dengan bayaran ongkos kirim reguler ratusan ribu memang aplikasi sampah cukup kali ini saja dan langsung tutup akun,0
good,1
ngebug mulu sekarangsoluainya gada bikin terhambat,0
sudah berbulan g belanja d tokped sekali nya mau belanja lagi eech seller pada g ngirim buat apa buka aplikasi toko d tokped d chat juga g ada balasan ada banyak seller seperti itu tolong buat tokped kl seller g niat jualan blokir aja tokonya,0
sy akan menggunakan aplikasi ini,2
bagus sekali,2
sekarang setelah di upgrade apk berjalan sangat berat padahal sinyal wifi dan kuota kenceng dan tolong adakan lagi kolom diskusi ny bukan fitur chat,1
apk cacat tiap kali aku keluar akun mau masuk lagi ke akun yang sama malah gak bisa punya masalah apa ini developer padahal akunnya cuma di hpku gila ya yang bikin sistem login,0
👍,2
tahun bersama tokopediaskrg sdh tdk lagi kayak dulu kalah dgn toko lain aplikasi berat harga mahal ongkos kirim mahal potongan untk penjual jg tinggi mau jualan ribet tokopedia seller di ubah sehingga byk data yg hilang,0
saya kecewa dengan hasil penanganan komplain informasi produk pada judul foto dan deskripsi tidak konsisten namun keputusan lebih mengutamakan pilihan varian tanpa mempertimbangkan potensi misinformasi ke pembeli sebagai pengguna lama saya berharap perlindungan konsumen dan kejelasan informasi produk bisa lebih diperhatikan,0
hati di tokopedia kalau pesan barang gak di antar malah parah nya lagi kurir nya main batalin pesanan secara sepihak untung saja aku gak bayar dluan auto uninstall,0
mahal anjai,0
tolong untuk menyambungkan tokopedia ke gopay pakai wa saja karena mayoritas nomor sudah mati karena sekarang mayoritas pakai paket data atau wifi,2
kurangi iklanya,1
pesan barang sdh minggu lebih gk sampai alamat jelas di hub kurir pun gk tau barang kembali ke penjual krn gagal kirim coba mau liat smpe jan balik gk dana nya😠,0
bagus,2
tidak bisa menambahkan nomor telepon sudah livechat tetap belum ada solusi,0
ok,2
okeh,2
harganya tidak sesuai sebelum dan sewaktu checkout hati hati pakai aplikasi ini harganya scam,0
tolong ya sistem di upgradekatanya hari nunggu refundtp dana blm kembali live chat jawabannya itu aja gak kasih solusi kita chat krana sdh hr penjual gak respontoko penipuan banyak yg kena akhirnya pd lapor skrng toko ditutupblokir permanen oleh tokopediarefund barang agar dana balikyg jual udh ke blokir tokopedianasib gw gmn lihat di aplikasi msh bbrp hari lgtgl desember otomatis disetujuiterus balikin barang kmnpasti ribet lg buat live chat 😩 seharusnya profesional lah,0
mantap barang orilayanan baik pokoknya beli di toko pedia aman amanah,2
diakon dikasih sendiri tapi dibuat checkout hilang aplikasi ga guna,0
ga niat jualan ini masa orang beli diskonnya hilang,0
tidak karena aplikasi ini adalah sangat penting dalam menjalankan tugas apa pun agar lebih mudah dan cepat untuk menjelaskan secara detail dari produk yg dijual gitu bu itu aja galebih,2
mantap min aku suka belanja di tokopedia ui nya juga kerenn info loker di pt tokopedia😭🙏🏻,2
bagaimana cara menghapus akun lamanya biar bisa digunakan di hp yang baru tapi no hp tetap soalnya no hp nya tidak bisa aktivasi di akun hp baru,2
banyak bug mau beli diskonnya hilang di halaman check out,0
jossssss,2
akun di hack saldo hilangga ada sistem keamanan,0
titik lokasinya gak jelas tidak sesuai titik lokasi saya saat ini,0
loading lama,0
layanan ok,2
oke buat belanja segala kebutuhan,2
𝙗𝙖𝙞𝙠,2
membantu,2
dulu andalan sekarang rongsokan,0
mantap sekali tapi harganyah kaga ngotak,2
sangat membantu,2
emang begitu ya kalau pake diskon tiktok belum ada menit perasaan diskonnya suka ilangan diskon nambah k aja segitu gak konsisten nya aplikasi di reset dikit tau tau diskon ilang segitu ga niatnya ngasih diskon lagian kadang harga jual barang asli sama diskon juga jatuhnya bohong pake diskon dikiranya bener diskon taunya harga asli emang segitu,0
ongkirnya kurang merakyat segala expedisi tinggi smua kalah sama shoppe yg bisa memberikan ongkir pengirimannya,0
kompensasi yang di janjikan oleh toko pedia dari tanggal november sampai hari ini tanggal desember tidak juga di cairkan sudah di hubungi center nya gak ada kejelasan juga penipu,0
good,2
tokopedia sekarang udah g ada gratis ongkirnya mau belanja beberapa brang pake ongkir semua jadi mahalan ongkirrr,0
aplikasi belanja yg mudah digunakan,2
sangat buruk beda banget sama apk sbelah,0
tokped sekarang cashback nya sampah dan ampas😑😑😑cashback k bisa dipake cuman buat diskon dr barang yg di toko tertentu mending coin gpay bisa buat belanja lagilahh sekarang jadi lucu gini😆😆😆rasanya gelii diskonan pake coin tokped sekarangtepatnya gimick berupa cashback,0
saldo refund tidak bisa ditarik akun seolah olah dibekukan tidak bisa bertransaksi apapun sudah hari tidak ada progres sama sekali,0
baik,2
mantab,2
barang lama bgt datang nyaaaa aasuuuuuy,0
dear tokped perlu di tingkatkan lagi fitur dalam apk tokped agar jadi lebih baik lagi sekarang apk tokped ada banyak kendala salah satu masalahnya sering kode eror ulangi beberapa saat lagi untuk refresh masuk halaman juga lama,2
pelayanan ok,2
ntap,2
top up kartu jak lingko jakcard sudah ku bayar namun belum masuk saldo kartu jak lingko,0
ok,2
gud,2
jadi iklan mulu di depan muka gueeee,0
selamanya fine fine saja,2
mending apus deh ini si ijo aplikasinya jadi lag parah mana ga ada promo menarik,0
estimasi nya dari tanggal dec tapi ini paket nya ngga kunjung sampai besokbesok ngga lagi pesan apapun di tokopedia,0
tokopedia skrg kog gada point harian yaaa gada diskon ongkir jg ongkir mahal juga klo kasih ulasan pembelian juga tidak ada point nya jadi males aja😏😏,0
aplikasi sering error pencarian sering gagal padahal buka aplikasi lain lancarlancar aja,0
saranku ni min kalau bisa ongkirnya itu yang masuk akal lah masak iya habis buat di ongkirnya doang barang murah ongkir melebihi harga barang bahkan hampir × harga barang jadi tolonglah kasih ongkirnya yang ngotak kalau perlu gratis ongkirnya tu di kasih gratis jangn cuman di tulisan voucher nya gratis ongkir tapi gk gratis ongkir,0
rekomended kalau untuk kepercayaan pelanggan,2
tolong expedisi sapexpress di coret dari tokped gila ini expedisi lemot hari baru di pickup paket saya,0
barang bekas ko di jual ke orang untung buat nyoba apk ini aja ternyata bagus di sebelah kalau utk kualitas barang sangat memuaskan dan produknya baru,0
setelah update jadi sangat lemot aplikasi nya,0
ada apa dengan aplikasi tokopedia ku setiap kali buka aplikasi loading trusss malah yang muncul smua gambar foto retak,0
hadeh tokopedia pls deh jangan mempersulit buyer mana banyak seller penipu aduhhh tolong dong ini dana saya ditahan yang katanya batal otomatis tanggal desember tapi sampai skrg malah blm batal dan dananya blm balik juga udh saya ajuin komplain tapi malah disuruh nunggu sampai tanggal desember lagi ini kalau sampai tanggal dananya gak langsung balik sih aduh gatau lagi dah gimana parah deh pokoknya,0
tokped lagi eror kali yah kali buka setiap buka suruh loging aneh giliran loging ga bisa jawabannya jaringan ygdi permasalahin jaringannnn terus,2
selalu di gunakan,2
pengiriman cepatseller gercep praktis metode pembayaran juga praktis bnget seneng banget kalo beli online lewat sini tidak mengecewakan sama sekali,2
tx tokopedia hadiah saldo tokopedianyarp sukses selalu 🥳🎉🥳,2
pilih lama lama tapi ga bisa checkout aplikasi apa ini,0
sangat membantu,2
tolong diperbaiki aplikasinya lama tambah lemot kebanyakan iklan promo atau game yg malah bikin pengalaman belanja gak nyaman lancar,0
apk yang sangat berguna tinggal klik maka barang pun akan di kirim dan diskon nya pun kaga pelit lagi jadi cocok buat kalian yang cari barang murah dengan kualitas yang terjamin tunggu apalagi download sekarang ya ☺️☺️,2
bugnya ngeselin banget masa gw udh make wifi masih aja ada tulisan koneksi bermasalah,0
aplikasi nya makin berat,1
selalu ada ongkir mahal gak kaya lazada dan shopee,0
semoga bermanfaat,2
aplikasi berjalan dengan lancar,2
app yg susah untuk di hubungi call centernya sangat menyusahkan pembeli dan pro seller dan terjadi lagi saya komplain barangnya tidak ada yg menanggapi uninstall sajanggak seller nggak call centernya mengabaikan komplain secara jelas karena tidak ada respon sama sekali,0
tokopedia tidak memberikan opsi untuk menutup akun akun penipuan walaupun sudah banyak yang komplain dan menyerahkan pelanggan untuk tertipu walaupun sudah dikomplain secara langsung untuk menutup akun akun yang menipu walaupun sudah banyak review namun tetap ada tokonya mungkin salah satu saran adalah untuk merchant mencatumkan kontak nomornya di toko ataupun jika menyulitkan tokopedia care bisa memberikan kontak toko jika pelanggan ingin meretur barang yang palsu kepada toko,0
hallo kenapa tdk dpat masukan alamat apakah tdk dapat di gunanakan di malaysia semua harga masih rupiah tolong donkkkk,0
sering muncul notif palsu disuruh balas tertera notif tolong dibalas pas saya tekanbuka ga ada pesan apapun cuma muncul produk padahal saya ngga beli itu,0
jelek banget sering gak bisa masuk,0
payleter nya kadang muncul kadang enggak heran saya,0
mantap lah tokopedia,2
jelek sudah mau beli diskon sama bebas ongkirnya hilang hoax diskon,0
komplain ke cs karena alamat saya tidak muncul dari hari lalu sampe hari ini tidak ada penjelasan tidak ada update dibiarin begitu saja,0
diskonnya keren,2
penipu,0
setiap belanja sll sesuai dengan pesanan,2
pelayanan buruk belanja kali yang sampai cuma barang yang lain gak jelas pantas sekarang mulai sepi pada pindah ke oyen,0
terimakasih gopay later,2
beli pulsa ga bisa masuk,0
goodd,2
sangat tidak nyaman menggunakan aplikasi ini stop proses review dana gak jelas kalian apalagi terhadap customer pembeli dan mekanismenya sangat menyebalkan menunggu dana refund × jam saat mau menarik saldo pun masih harus review sampai × jam sungguh bodoh jika review dilakukan terhadap seller affiliate atau lainnya yang memiliki ikatan kerjasama dalam bentuk apapun ya wajar karena menyangkut kredibilitas platform tapi dana customer jangan mainmainlah bodoh,0
ini pihak tokopedia gimana shbisa bisanya saya beli barang pake kurir instan tpi kurirnya malah kasih ke orang lain barangnya yg bukan penerimanyakok bisa data saya di pake oknum gk bertanggung jawab buat malingkurir yg gk tau apa malah jadi kena juga karena di kira yg nerima itu atas nama saya karena di wa duluan sama orang yg mengaku atas nama sayasedang saya merasa belum terima sama sekali barangya,0
oke,2
biaya ongkos kirim lebih mahal daripada aplikasi lain,2
okayy,2
sangat membantuuu,2
mudah dan tidak rumit,2
bagus sih perbanyak diskon ya soalnya harga nya mahal mahal ongkir lumayan semangat terus ya toko pediaa,2
👍👍👍,2
tokopedia tidak jelas barang saya nyangkut di jasa pengiriman sudah bulan lebih sampai sekarang tidak ada kejelasan sudah komplain dan tunjukin bukti bahwa jasa pengirimannya sampai memalsukan chat wa juga masih tidak ada keputusan jawabannya penyelidikan terus sekarang ada pesanan ke pun sama jasa pengiriman bermasalah pengiriman telat dikatakan tidak ada orang dirumah padahal ada satpam asisten rumah tangga juga ada malah minta barang diambil ketempat mereka pelayanan semakin jelek,0
sangat bagus dan membantu,2
bagus,2
saya sangat puas sekali belanja di indomaret pegawainya sangat ramah sekali mau ofline atau online thebestt indomaret,2
terbaik,2
amanah,2
push notifications nya spam ngga jelas tiap hari ada aja push notifications iklan dengan tulisan halo tolong dibalas,0
oke,2
tokopedia care tidak bisa di akses,0
moga barangnya bagus,2
chat untuk barang jualan kita bingung akses nya,0
saya tidak membayar barang di keranjang tapi kok pesanan dikirim sedangkan pihak toko pedia nya gk ada respon ama kompline saya di apk parah bngt sih,0
tolong topedbanyak banget jualan hp akun nya bodongsegera d bersihkan akun bgitu meresahkan,0
hp saya tidak mampu menopang aplikasi ini lelet banget hp saya guys,2
tiap pembayaran error muluuuuu abis itu voc ilanggg,0
sudah terverifikasi go plus tapi tak bisa daftar gopay later memang aplikasi aneh alasan link tidak berlaku atau kadaluwarsapadahal sudah isi data dan mengisi kode referral kalau gitu nggak usah nawarin promosi lah kalau sistemnya begini menyebalkan berteletele,1
bagus,2
mantap,2
transaksi bermasalah saya minta cancel dari tgl desember tetapi disuruh menunggu sampai tanggal januari kirakira ecommerce ini menurut kalian seperti apa gak sekalian aja suruh saya tunggu bulan saja 👍🏻,0
bagus,2
sangat inovatif,2
harusnya tokopedia punya paylater sendiri gk usah ngikut gopay dan atau sinkronisasi data paylater dengan tokopedia yang ada di tiktok,2
apk bgusss,2
baik,2
kurang memuaskan,2
woy gopay later gua aktifin lagi dong woy,0
sering bgt timeout aneh apk gaje,0
toko kadang menampilkan produk yang sudah habis terjual,2
aplikasinya tambah berat beberapa menit sudah penuh ram,1
saya sudah lama tidak membuka aplikasi ini setelah di update tidak bisa cek dana saya loading tidak selesai selesai chat customer service loading tidak selesai muter muter ga tahu kapan sampe kiamat mungkin,0
aplikasinya semakin berat kadang keluar sendiri,0
sangat puas,2
sangat bagus,2
pesan barang sudah hri sy menunggu barang tidak sampai sy kecewa,0
koneksi sering time out dibajak shopee kayaknya,0
tambahkan search lewat gambar dong bosss jadul amat,2
potongannya seller harusnya ada untuk opsi di tanggung pembeli lah,0
dulu sih bagus makin kesini kok makin hancur ya,0
praktis,2
baiktingkatkan lagi mutu layanan,2
semoga menjadi lebih baik,2
★★★★★ gitu aja,2
setelah upgrade malah fitur pesan jadi di persulit 😔 terus ketika mau searching gak bisa dengan alasan ubah kata kunci lama payah nih tokped,0
terimakasih tokopedia membantu untuk belanja lebih mudah,2
tokopedia layanan tambah ruwet terlalu lama batas waktu yg di berikan kepada seller untuk mengirim barangjadi barang tidak segera si kirim oleh seller pengembalian dana kelamaan tokopedia jadi lemot tokopedia ratingmu anjlok pelayanan mu gimana ini kok tambah surut apakah kamu akan mengikuti jejak bukalapak,0
fast,2
saya sangat sangat tidak suka dengan konstan update dari tokopedia mengapa apk ga dipakek minggu dah disuruh update memangnya apa yang di update dan apakah update tsb signifikan dan membawa dampak untuk pengguna atau tidak karena saya merasa aplikasi ini sama saja mau update atau tidak stop suruh update trus kalau ingin update yang sekalian aja jangan secara kecil tp berkala orang capek update trus,0
paket lama bener datengnya ga sesuai sama tanggal datengnya,0
gak gratis ongkir kl gak butuh butuh banget buat beli online obat untuk anak yg cuma ada di tokped gak bakalan download fitur chat seller gak berfungsi chat seller gak ada balesan sama sekali tanya ini itu gak ada jawaban cuma robot yg jawab si oren yg benar gratis ongkir gunain tokped karena terpaksa keadaan aplikasi gak jelas mau co aja sulit nya minta ampun,0
sangat cepat dan pranktis,1
mau dibayar malah hilang diskonnya aplikasi scam pasti yang pakai tambah habis,0
aplikasinya looadingnya luamaasering errorgangguan dirumah tokped lahdll,0
mantap,2
👍👍👍,2
kenapa ini pencarian gak bisa semua keyword apapun hasilnya gak bisa produk tidak ditemukan liat play store udah update padahal,0
ok,2
mantab,2
nipu mulu jing spin dapet vocher gk di kasih alasenya kopon masa berlakunya habos situ prosesnya lama bamgsa,0
proses cepat transfer uang,2
hunff,1
fitur keseluruhan oke tp gag suka banget fitur pengiriman dengan asuransi ya autochecklist dan ga ada setting untuk itu,1
good,2
very good very well,2
pembayaran via virtual account transaksi batal sesuai informasi pengembalian saldo refund mestinya langsung jika transaksi via va ternyata menunggu sampai x jam tidak sampai disitu saldo refund sudah dikembalikan ke saldo tokopedia tapi tetap saldonya tidak dapat ditarik ke rekening tidak bisa juga di tarik ke akun gopay sudah x jam selama x jam menghubungi tokopedia care jawabannya template menunggu cek berkala tapi tidak ada proses yang transparan,0
toling diperbaiki setelah update pencarian selalu ops barang tidak ditemukan,2
sangat baik,2
fitur pencarian tidak berfungsi,1
mantap,2
saya mau tanya kenapa nomor whatsapp saya mendapat kode otp sejak tanggal padahal tidak ada transaksi di tokped namun ketika terhubung chat langsung hanya loading berputarputar tanpa ada masuk ke chat langsungnya bagaimana responnya nih,0
susah cok eror terus halaman web tidak tersedia mulu,0
aplikasi scam,0
kenapa paylater di tiktok tidak bisa terbua selalu ada tulisan kesalahan sistem terus,0
aplikasi nya skrg suka error sistem kerja nya sangat jelek laporan pengiriman juga tidak jelas dan tidak bisa di komplain sampai waktu di tentukan dan tidak bisa di batalkan stlah transaksi minggu dan masih belum trima barang,0
toko pedia sekarang kenapa sering cari barang tidak ditemukan selalu ada tulisan cari opsi lain padahal dulu tak seperti ini tolong diperbaiki lagi,1
banyak promo dan voucher scam tidak sesuai deskripsi lebih baik belanja di shopee,0
paling mudah dan praktis,2
penarikan saldo tokopedia refund biaya admin nya terlalu besar biasanya free admin tapi kenapa pakai biaya admin kecewa sama tokopedia sekarang 🙂 cukuptau,0
good,2
good,2
aplikasi sering eror sekarang selalu muncul halaman web tidak tersedia errconnection reset,0
mantap,2
nice,2
sangat memuaskan,2
👍,2
kenapa fitur search barang gak bisa ditemukan tambah aneh nih aplikasi jangan sombong aplikasi market place banyak kalau gak nyaman mending pilih yang lain,0
tempat belanja online favorit,2
saat pencarian oops produk gak ditemukan woy it lu bisa kerja gak sih,0
akhir tahun abisin gopay coin oiii,2
app aneh,0
aplikasi eror topup mandiri ga masuk ke saldo malah disuruh nunggu proses terus,0
ini kenapa di akun saya ndak bisa cari barang konyol banget ini sudah sy uninstalinstal lagi tetap gak bisa knapa ini,0
tulmantul,2
oky👍👃,2
mantapppp,2
apa cuma saya atau yg lain juga sama yah ngga bisa cari barang dan selalu muncul coba kata kunci lain,0
keren lancar dan bermanfaat serta banyak fasilitasnya,2
error terus menu pencarian nge bug terus,0
banyak penipu berkeliaran di platform ini hati hati ntahpun penghargaan nya hasil nipu org² penipu aja ga di hapus hapus tokonya apk sampah,0
kenapa versi sekarang tokopedia berat parah tiap ganti halaman lag loading malah apk sebelah lebih ringan dari tokped padahal dulu tokepd ringan jadi gak nyaman pas nelusur ah,0
the bast,2
tidak memuaskan,0
gratis ongkir pedut lah mending toko oren bener bener gratis ongkir bukan potongan ongkir hidup toko oren hahahaha,0
pengiriman semakin parah sudah sampai di kota tujuan bisa balik lagi ke kota sebelumnya jasamirim kurang bagus,0
mantap,2
sangat baik,2
bagus,2
ok,2
mengurutkan barannya masih kacau,0
kenapa di instal di hp vivo y ko g bisa kebuka aplikasinya itu knp ya klo dihp samsung j prime bisa,0
sering gratis ongkir atau cash back nya,2
sudah pakai aplikasi ini lama tapi baru kali ini pencairan barang selalu gagal anehhh tolong dong perbaiki cepat,2
siiip,2
gimana nih tokped makin parah buat buka lemot sekali pokoknya jauh sama oren sekarang banyak toko nipu padahal aku pakai toko pedia lebih lama dari pada si oren di perbaiki lagi dong sistemnya semenjak gabung sama toktid makin jelek,2
ini aplikasi digunakan mencari produk selalu produk ngak ditemukan tolong sistem pencarian diperbaiki 🙏🙏,0
ribettt pajaknya gedeee jual malah rugiii kena komisi platform k ga ngotakkkkk,0
pengguna apk yang mudahmudah sajasulit and susah ya di delshopee sudah tak delsulit di payleterakulaku del susah di aturan penerimaan pinjaman😁😄👍ini tokopedia lebih dari c saya download masih tetap susah gak ada payleter harus ke tiktok dsb ribet amat boss del sajahcari lagi kalau ada yg mudah yh gue pake gak ada kebeneran jadi gak main nicil payleter👍😁😄😇,0
terupdate barangnya bagus murah pengiriman cepat,2
assalamualaikum wr wb dengan rasa hormat saya ingin memberitahukan tentang pengalaman saya di aplikasi tokped ini jadi aplikasi e commerce ini menurut saya benar benar sangat mengecewakan pertama saya di tnggl memesan sebuah celana diatas rb dari tulisan pesanan yg saya lacak saya sudah nunggu hampir minggu coba lama bgt trus pas udh hari minggunya kurirnya bilang return origin dikembalikan kepada penjual padahal aku ga nerima tuh paket namun knp bilangnya menolakkkk pesanan gila ini,0
sudah lama saya jadi pengguna tokopedia dan sudah lama juga berlangganan plus produk masih harga normal tidak berpengaruh terhadap harga produk setelah saya mulai berlangganan plusmales juga kedepannya model begini berlangganan plus ngk ada pengaruhnya sama sekali untuk harga produknya tetap sama saja mahal,0
okeee baikkk,2
oke,2
makin jelek aja ini tokopedia sinyal bagus malah sering disconnect dalam aplikasi membuat pengalaman lebih buruk masih mending si oren,0
update kok malah gak bisa searching,0
metode pembayaran saya di blokir tanpa alasan yang jelas issu melanggar ketentuan padahal murni untuk transaksi aja pajak tinggi ongkir yang mahal jika keluar pulau jawa dan tidak ada penanganan terkait masalah yang di alami prmbeli,0
harga apapun yang di jual lebih mahal dari shopee istri soalnya pakai shopee jadi saya tau coba dulu jelasin kenapa bisa lebih mahal apa sama seperti gojek penjual dan pembeli kena beban biaya tambahan,0
bintang aja dulu sambil coba²,1
oke,2
keren komplain gak direspon selama hari fitur pengembalian terlalu berteletele padahal salah pengiriman ada di pihak penjual payah,0
ada kendala responnya lama,0
sarang penipuan 😵‍💫 cs lebih condong ke seller padahal buyer sudah kirim bukti unboxing paket ☺️,0
harga tidak masuk akalakal akal potongan besar mmg itu la harganya diskon tidak pengaruhi harga mahal,0
tolong dong pihak tikped kalo ada pembatalan order kasih penjelasan kenapa orderan dibatalkan tidak sekali dua kali orderan saya dibatalkan entah kenapa perasaan saya tidak rewel baik ke seller maupun ke kurir terlihat olshop tidak profesional taunya cuma kasih fasilitas aja tidak ada aksi untuk menjaga kepercayaan,1
beli makanan malah dimakan kurir jt nanya ke cs nya malah dibilang di wa anda sudah tidak disini kami tutup sambungan ini enak ya makan gratis,0
belajar sukses,2
menarik,2
bagus cukup baik👍,2
seharusnya batal otomatis x jam untuk order instant sy sdh pesan instant tapi gak dikirim kirim sama seller nakal ini nama tokonya myfon teleshop,0
update terakhir ada muncul diskon wajib tunggu detik sangat mengganggu tidak bisa skip atau tutup,0
bukunya memuaskan tapi islamis,2
tokopedia selalu memuaskanselalu ada ongkir gratis dan diskon belanja serta promo yg selalu adasukses slalu buat tokopedia the best,2
aplikasi yang sekarang lemot super berat banyak nge bug nya lagi kalau lg cari barang langsung erorrrrr terus harus clear cache dulu keluarada notifikasi titik merah sudah dibuka tetap nongol dan notifikasi ke hp dari penjual kalau setelah order barang tdk masuk baik chat dll yg ada malah promo masuk ke notifikasi hp gebleg nih tokopedia balikin ke yg dulu aplikasi min 😡,0
mantap,2
mudah dan cepat mantap alhamdulillaah 🤲,2
tidak bisa melakukan pencarian produk,0
ok 👌👍,2
belanja puas kalau di tokped mantap lah,2
aplikasi ga jelas top up game ga masuk padahal saldo udh terpotong keterangannya saldo bakal di refund × jam tapi udh hari lebih blm dpt refund,0
kepada seluruh pihak tokopedia ini saya menyatakan kasuss transaksi saya kemarin tidak sama sekali di uruss mohon di tindak lanjut kan di urus jangan makan gaji buta aja kalian itu,0
semakin gak jelas paraaaaahhh bangetttt sekrng tokopedia ribetttttt gk bikin muda buat blanja,0
uang saya tidak masuk sudah hari itu nggak sedikit woi gw tarik gak masuk,0
ok,2
murah banyak diskon saat ini suka lemot di akses,2
mantul top buanget,2
fitur pencarian tidak bisa selalu muncul kata kunci tidak ketemu mau pake gimana nih aplikasi hubungin cs toped bisa minggu baru di balas,0
menu komplen tidak bisa barang hanya dikirim sebagai hubungi cs susah,0
aplikasi bekerja dengan baik dan cepat,2
secara keseluruhan bagus tapi kendala saya untuk aplikasi saat saya chat dg penjual tidak muncul di riwayat chat hanya muncul di notifikasi hp saja saat dibuka di aplikasi tidak ada chat seolah penjual tidak menjawab chat saya,2
penipu dengan modus diskon besar masih bisa lolos customer care tidak membantu penyelesaian masalah,0
ini saya udh berkali kali nyoba buat laporan penipuan saya mau cepat karna keburu uangnya ketarik total tapi responnya lamaaa banget dan gabisa bikin laporan gatau tokopedia nih kenapaa saya butuh banget tpi buat laporan penipuan aja gagal terus kendala mu belum bisa di proses tunggu beberapa saat lgi gitu terus sampai hari gajelas asli sumpah tokopedia tolong lah,0
bagus respon cepat banyak promonya,2
mantap,2
kita coba,2
saya sangat suka dengan tokopedia cuma sayang saya tidak bisa gunakan fitur payleter padahal udah jadi member tahun,1
respon cepat bagus,2
memberikan kemudahan berbelanja di saat belum gajian,2
oke bagus bagus bagus bagus gampang gampang mudah mudah,2
sukses,2
cepat jujur dan berkualitas,2
ok,2
kecewa sama tokopedia udh berkali kali belanja disini barang tidak sampai tidak dikirim oleh pihak penjual tapi respon admin nya lama bngt upload file tracking sebagai bukti aja gagal terus ga bisa di upload aneh aplikasi ini emang,0
estimasi tiba hari ini sampai esok hari tetap begitu dan barang satunya disimpan di gudang terus menerus estimasj hari ini tapi barang salah sortir tu apaan barang lagi malah digudang mulu gk lagilagi ceckout di tokped,0
ok,2
keren terima kasih tokopedia,2
expedisi lion parcel yang bekerja sama dengan tokopedia harus di nonaktifkan atau di perbaiki kinerjanyapesenan dekat biasanya sampai hari sekrang hari belom sampaiternyata aku lihat semua pakai lion parcel,0
halo admin tokopedia saya mau melaporkan pengembalian dana ke gopay saya yang belum diterima detail transaksi metode refund gopay nominal rp status di aplikasi tokopediagopay sedang diproses keterangan maksimal × jam namun sampai sekarang sudah lebih dari hari dan saldo belum masuk mohon dibantu dicek dan diproses ya karena dari pihak gopay diinformasikan bahwa refund ini menjadi tanggung jawab tokopedia terima kasih,0
oke👍🏻,2
produk tidak ditemukan terus padahal kata kunci sudah sesuai pada umumnya tapi tetep aja,0
udah beli bayar tulisan nya di batalin gak kembali uwang nya,0
diskonnya kalah sama si orange kalo si ijo ini giliran ada diskon barang malah diskon ongkir yg tidak ada pas diskon ongkir ada eh diskon barangnya gak bisa dipake kupon diskonnya kebanyakan isi angin udah dipake tapi harganya sama seperti gak pake kupon diskon,0
harusnya yang keluar saat pencarian tuh yang paling relate ya paling aneh diantara apk oren dan biru ya toped ini masa cari yong ma low carbo yang keluar banyak harga gak wajarnya dibawah harga banget bedain seller yang trusted sama yang abal juga kurang informatif sih semoga lebih memudahkan pembeli yaa sama ongkirnya pelit bangeeett,2
nice banyakin diskon,2
yes bgt,2
ongkirnya gak ngotak gak masuk akal gak ada yg lebih mahal daripada marketplace ini,0
tidak pernah kecewa dlm transaksi apapun lewt tokped,2
aplikasi banyak bug jaringan lancar ms tapi server sering terputus error transaksi sering gagal hingga voucher banyak yg hilang hangus dan tidak ada ganti balik voucher yg hilang karena aplikasi yg buruk,0
ga lagi lagi belanja pake tokopedia pesanan saya dari tanggal desember belum nyampe nyampe padahal estimasinya desember sekarang udah desember belum nyampe juga tolong lah tokopedia kejelasan nya gimna ini saya pesan juga pake ongkir loh ga pilih gratis ongkir hati hati teman teman kalo mau belanja di tokopefia,0
dulu langganan disininamun setelah pembelian gagaluang pengembalian nya sangat rumittdk bisa diambiltdk jelas lari kemanadi telen admin mungkinjd gk lagi blanja dsnidi saldo pun tdk terlihat dana pengembalian nya,0
habis di update malah semakin parah keluar sendiri terus percuma di update juga terpaksa uninstall lah jelek,0
apl ini sering eror,0
ini gra di sini saya daftar paylater ketolak dan akhirnya di aplikasi dana ada saldo jt lebih tiba menghilang pas di cek ternyata paylater tokopedia aplikasi tidak berguna,0
untuk saat ini aplikasi berat srung error😡,1
tokped semakin hari voc semakin rak jelas cashback gak masuk akun malesi tenan 🫠🫠🫠🫠🫠🫠,0
udah di bilang jangan kerja sama dengan ekspedisi anteraja ini masih kerjsama ekspedisi terburuk di seluruh dunia layanan sameday dari siang sampe jam malem ga dateng dateng,0
benerin fitur pencarian nya donk masa search apapun tidak ditemukan nge bug apa gimane,0
padahal pengguna baru tp pas mau checkout tiba² voucher nya hilang dn gabisa dipakai payah,0
order lama dikonfirmasi ujungnya dibatalkan kendala entah dr toko atau tokpednya berkalikali komplain tetep sama aja ga ada perbaikan sangat kecewa dengan sistemnya yg ga jelas,0
pelayanan mantap,2
pencarian nya nggak bisaaa koneksi timeout,0
tokopedia memang ok,2
banyakin vocer untuk pengguna lama,2
bisa kredit,2
hapus tuh toko komputer hama ownernya dah pada mati semua bangkrut,2
bro kasih diskon cuma ngga mau rugi dibatalin hina banget dah ni apk kwowkwowa,0
bagus sih tapi aku nggak bisa beli karna nggak ada duit,2
lebih ringan dan lebih banyak promo dari apk sebelah tapi kurang bagus soal jaringan dan media karena banyak media dari ulasan yang ga bisa di buka dan fitur yang ga kabuka meski pun jaringan sangat bagus,2
mohon diperbaiki bug,2
beli paket quota selesai payment malah transaksi gagal di coba beberapa kali masih gagal juga ga usah jualan kalo ga bisa dibeli,0
mantapu🤩,2
saya mau beli kulkas di aplikasi ini dibatalkan pihak toko setelah uang di kembalikan ke akun mau ditarik malah akun saya jadi tidak bisa untuk transaksi alias uangnya ditahan pihak topet kalau dihubungi diberi solusi yang tidak menyelesaikan masalah muter muter aja sialan ini aplikasi penipu,0
mantap langsung berhasil,2
tidak bisa masuk selalu keluar sendiri,1
boneka lucu dgn harga menarik oke bgt buat semua bisadgn model lucu bgt,2
keren,2
sebenarnya bagus tetapi terlalu banyak iklan iklan yang cukup lama dan kadang terbuka sendiri ke dalam apk nya dan itu sangat mengganggu padahal saya sudah menginstallnya dan tidak jarang di iklannya juga seperti dipermainkan apalagi di tombol untuk skip apk nya juga terkadang eror seribg keluar dengan sendirinya apalagi saat mau checkout barang,1
tidak bisa memberikan kepuasan terhadap pelayanan laporan pelanggan,0
sangat membantu dalam memenuhi kebutuhan saya dan keluarga dgn cara yg simple membuat kita leluasa menentukan pilihan berdasar price to performance semoga ke depan semakin banyak lg bonusnya discount free ongkir dll seperti lapak sebelah terima kasih,2
terlalu banyak toko yang ada di sini menipu,0
sangat bagus,2
kok udah ga ada gratis ongkir lagi,1
makin lama aplikasinya makin berat sering hang,0
uang pengambilan sangat lama untuk di kirim apk bobrok,0
cukup bintang satu belanja di aplikasi tokopedia selernya kbnyakn penipu kbnyakn jual barang ilegal roko non cukaisaya pesan kaos yg dikirim malah roko ilegal,0
ok,2
mantap,2
ni aplikasi klo membatalkan pesanan yang metodenya pakai qris saldo nya masuk ke saldo tokopedia yng klo nominal kurang gabisa d top up trus narik nya setengah mampus,0
lengkap,2
aplikasi gilatiap detik notifikasi terusmenjengkelkan,0
bagus,2
cod terbatas tidak wort it di gunakancuma buat patokan harga dan barang saja bisa nya,0
masih banyak seller penipu,0
woy tokopedia tolong bantu saya saya sudah lapor tetapi tidak ada respon saya ketipu sama penjualan di tokopedia tolong bantu kembalikan uang saya,0
balik tokopedia kirain bakalan bagus tapi akun saya malah tidak ada voucher sama sekali tapi sepertinya pengembalian barang katanya gratis jika brng tidak sesuai,0
dicoba dulu klo byk iklannya pasti kita kensel saja buang tdk usa paksi tokopedia,1
baik,2
pesanan melebihi estimasi emang gajelas,0
saya melakukan pembelian dana sudah terpotong tapi dimenu transaksi tidak ada dimenu dana refund pun tidak ada ini gimana kejelasan nya saya tidak mendapat notifikasi apapun tentang pembatalan pesanan atau notifikasi dana refund atau apapun id transaksi dan bukti pembayaran sudah saya lampirkan ke tokopediacare juga tidak begitu membantu sudah hampir x jam ga ada kejelasan seharusnya menit paling lama dana sudah balik karena saya membayar dengan gopay bukan metode lain,0
sipppp,2
di suruh ng instal tapi pke perangkat lain maksd nya gimnh sih,0
tidak bisa mengirim laporan toko bermasalah,0
mantab,2
tokopediacard nya sangat membntu,2
barang sesuai yg di iklanjan,2
ganti nomor saja harus foto ktp ribet,1
cukup membantubagus dan amanah ongkir nya jangan mahal hehehe,2
setiap melakukan pembayaran pakai gopay tampilannya langsung blank putih saat klik bayar sekarang gaada menu selanjutnya tolong diperbaiki,0
banyak stok barang tidak ready akhirnya penjual batalkan sepihak,2
mantap,2
mudahan amanah,2
mahalllllllll,0
good job,2
belanja makin mudah makasih tokped,2
tingkatkan lagi ke amanan database nya soal nya data alamat saya telah di gunakan orang lain saya tidak memesan apapun tiba tiba ada paket dirmh namun no telp bukan no tlpon sayakemungkinan data alamat saya di gunakan oleh reseller yang tidak bertanggung jawab nominal paketnya pun tidak main main harga nya dan di resi paket tertera online shop tokopedia dan tiktok,0
mantap,2
semakin nyaman pake toped,2
fitur pesanan dikomplain tidak berfungsi puluhan kali saya gagal upload bukti penipuan toko di tokopedia sebagai konsumen tidak terlindungi belanja di tokopedia toko yang isinya tiputipu ko bisa lolos ditokooedia jika fitur pesanan dikomplain masih tidak berfungsi dan uang saya tidak dikembalikan saya akan memfiralkan bobrok tidak amannya sistem tokopedia,0
belanja mudah dan banyak bonusnya,2
akun saya beli voucher game wdp mlbb pakai voucher diskon jadi k udh terpasang voucher nya dan transaksi berhasil metode pembayaran pake dana kok malah di refund dana nya kecewa berat harusnya jangan di refund kalau pun di refund harus ada kompensasi,0
tokopedia sukses selalu,2
semoga bisa di buka aplikasinya,2
kenapa toko e pedia sekarang makin lemot,2
sering banyak voucher diskon,2
bagus,2
mantap👍,2
senang belanja di tokopedia,2
penjual di aplikasi ini banyak yang tidak masuk akal harganya banyak toko penipuannya,1
gara menghindari dari penjual penipu mintak nomor wa malah saldo saya minggu di review terus yg mintak kirim foto ktp bukti transaksi sampai buku rekening parah ni sekrng saldo samppek sekrng belum bisa digunakan eh malah sekrng gak bisa order barang gawat ni,2
smga bagus dlm hal apapun,2
aplikasi simpel dan mudah untuk digunakan,2
semoga baik lagi,1
tolong dong untuk pihak toped gimana caranya setelah pket dtg bisa dikasih ulasanini mh tdk bisadiklik suruh download gitu dan gitu lagi berulang knp yayg lain menurut saya udh bagus tolong di perbaiki lagi trmksh,2
aplikasinya lbh lemot sejak updatebeda ama si oren yg gampang di bukaapalagi kl dh mau menu klik cara bayar lemot,2
keren,2
mantap,2
kenapa update terbaru selalu muncul indikator pesan yang tidak dapat terhapus walau sudah terbaca jangan seperti sampah lah aplikasi sudah bagus malah di tambahin fitur tak berguna,0
berhenti kerja sama dengan jnt ekspedisi gak jelas lelet banget pengirimannya,0
not bad,2
kemudahan,2
sdh lama langganan topedslalu bagus tlg ganti nama pengiriman nya jgn tertulis standar ekonomi tulis aja nama kurir nya jt sap tiki atau lain nya seperti waktu lalu kalau saya mau pilih jt tdk tau di manaapa di ekonomi atau standar jgn gunakan jnepaket slalu datang lama di pick up lama melebihi estimasi maksimal pengiriman,2
toped is the best,2
proses refundnya tolonglah uang sebanyak itu tentunya butuh segera dikembalikan lah ini prosesnya aja x,0
barang retur tidak ada refound,0
perbanyak diskon token listrik ya,2
keren,2
kurir pick hari pertama lemot hari kedua gagal pick up hari ketiga menunggu kurir hari ke empat apa lagi barang pesenan gw kagak jalan hubungin cutomer care gak bisa fix kalah dari si oren dari segala aspek metode pembayaran gitu za gak se komlit si oren,0
semoga bagus,2
aplikasi qontil tdk bisa bayar x cicilan baru bunganya mahalnya laa qontol,0
aplikasinya minta di update terus,0
bagus,2
oke,2
bagus bagus motifnya👍👍,2
harusnya toped nyontek sopi dengan bikin logistik sendiri yang efisien kalau bisa bikin toped bisa menghemat banyak cost dan mengalihkan beban pengiriman menjadi nilai investasi selain itu sistem itnya juga harus bikin sendiri kalau pengin hemat dan bisa nambah peluang selain sebagai ecommerce lihatlah amazin dengan lini bisnis it yang beragam dan menjadi profitable jangan sampai toped tumbang kayak bupak ya setidaknya malu lah sama lajada yang pangsanya lebih sedikit namun bisa survive,1
terasa menu di tokped skrg tidak userfriendly,0
ruang chatnya berat banget,0
sangat rekomendasi,2
kecawa aja sama penjual tokopedia barang gak di toko tetep di pajang di berandanya giliran di order dan sudah di bayar eh malah bilang kosong kami sebagai konsumen merasa di rugiin,0
sejak akhir sdh tdk aktif lg belanja di tokped hanya sesekali saja krn mau belanja semahal apapun ttp bayar ongkir akhirnya pindah ke toko sebelah yg selalu gratis ongkir dan promo yg sangat menarik terutama tanggal kembar,0
ok,2
saya kena penipuanakun saya kalian ambiluang saya juta masih di akun itutolong balikin uang saya,0
spertinya bukan tokopedia lagi ini lebih ke jual beli penipuan nyesel beli barang di tokopedia,0
update kurir sudah dikirimkan tapi barang masih dibawa kurir,0
istimewa,2
kindusip amanah,2
bagus banyak diskon dan promo,2
pokok yaa mantap,2
biaya aplikasi biaya transfer bank biaya layanan asuransi 🗿🗿,0
jd males belanja di tokped soalnya ekspedisi skrng kebanyakan ke jnt semua sy suka beli di toko dpt id sicepat anteraja jne jd jnt semua hrsnya di tokped ekspedisi gratis ongkir jne sicepat anteraja id aja ga usah jnt kan jnt udah di tiktok,0
sangat keren,2
toko pedia makin kesini ngak jelas saya beli dan komplain di tangepin setelah beberapa hari itupun tidak memberikan jawaban yang jelas karena dijawab standart pakai robot jadi jawabannya banyak tidak nyambung mungkin sudah waktunya harus pindah ke shopee yang makin keren pelayanan kamplain pembeli sangat cepat marketplace ini kurang mendapat perhatian jadi banyak seller menjual barang palsu dan ketika komplain tidak bisa karena nomer telp customer care tidak ada,0
pertama kali dapat penjelasan tentang cara mudahbgunakan aplikasi utk dapat cuan,2
ko ga bisa ngasih ulasan produk ya,2
cakep,2
ok,2
mantap transaksi mudah murah,2
buruk jangan belanja di apk ini banyaaak barang palsu dan pengirim fi undur trus nga profesional ga memahami kondisi pelanggan,0
lebih simpel alias praktis,2
top,2
tolong lah dibersihin itu sellermu yang gak aktif udh berapa kali saya beli barang cuma di proses doang sampe dibatalin sistem belum lagi yang jual barang serupa tapi di chat gaada yang bls,0
niatnya mau dibuat super app tapi jadinya lemot parah,1
lama pengiriman😫,0
saya sangat senang belanja di tokopedia barang dan harganya sesuai yg di aplikasi,2
good,2
ngaco nih aplikasi x gagal co di tambah promo yang tadinya sudah di pakai malah makin mahal total harganya yang awalnya jadi,0
mantap,2
ada opsi kurir utk pelanggan agar bisa disesuaikan dgn keberadaan kurir didaerah masingmasing,2
tokopedia care sanggat buruk tolong di ganti saja itu asli tutup tiket pelaporan tapi masalahnya belum beres kacau,0
ok,2
cuma aplikasi ini aja kayanya engga ada bantuan chat customer service nya chatingan suruh sama robot solusi engga ada ampas bener,0
bagud,2
kecewa sama tokopedia beda aama yang sebelah saya mesen barang katanya ehh ini udh mau minggu brng gak sampe²,0
semoga di proteksi aman nyaman dan banjir discon,2
iklan gj lu niat jualan apa masang iklan berlapis,0
oke,2
ongkir ke papua nggak ngotak harganya jauh dibandingkan dengan shopee,0
minuman whisky produk di tampilkanbocah aja bisa belicuma liquid rokok electric aja harus lewat web alasan produk dewasa,0
tolong lah pihak tokopedia saldo refund saya belum masuk udh × transaksi loh gk ditanganin gimana ini🙂,0
cara membatalkan pesanan gimana woyy 😭😭😭 ga bisa bisa,1
akhir ini di toped banyak toko yg tidak jelas sperti menampilkan produk harga murah tg sesungguhnya tdk ada barangnyaada syarat pembayaran dan harga lain serta pergantian exspedisi mohon pihak manajemen toped mengevaluasi toko tsb agar kepercayaan konsumen pembeli tetap terjaga terlindungi,2
aplikasi lambat sellernya slow respon csnya lebih lambat lagi dalam penanganan komplin,0
dapat diskon rb di event ♥️♥️🫶🫶 makasih loooh tokped semoga semakin berkembang dan jaya selalu,2
beli emoney status berhasil tpi saldo ga masuk payah edit bulan kemudian baru direrund,0
semua jadi mudah 👍👍👍,2
lumayanlahh,2
sangat memuaskan,2
makin kesini makin buruk padahal koneksi internet kencang tetap aja lemot udah gitu skrg pelit gratis ongkir pula,0
sdh lama pakai dan jadi langganan cuma aplikasi nya berat dan tidak bisa kirim gambar dan selalu tanya izin aplikasi beda dgn toko sebelah,1
kenapa sekarang dihalaman pesan sering terjadi masalah,2
oke,2
ok,2
banyak toko spam harga ga wajar,0
hati hati belanja disini penjual nipu edit video dibelain sama tokped lama sekali penanganannya tidak kelar kelar dana refund belum cair juga siap siap bangkrut ajalah cs aja beda jauh sama toko sebelah kata²nya sama terus hahaha,0
oke,2
selalu direkom,2
sangat cocok untuk melakukan transaksi pembelian,2
sering error sering gak relod page sering kata kunci tidak ketemu sering gangguan pencarian tampilan chat error sebenernya tiap kali di update selain tampilan yg berubah dan diskon apa gak sekalian performanya aplikasi di perbarui,0
terimakasih sudah fast respon dan saldo pun di kembalikan kok jadi parah gini tokopedia saya transaksi menggunakan dana saldo di dana sudah terpotong tapi dari tokopedia belum ada invoice transaksinya tolong segera diproses 🙏,2
mending toko orange pelayanan admin cepat ini app lama bener pengajuan pembatalan dan refund nya,0
baik,2
slow respon,0
parah csnya gilaaa ga ada solusi buat dana refund duit sendiri pake ditahan gila bener ini tokped,0
kepana jadi error ya,2
good pisan,2
semakin bagus,2
ok,2
bagus harga lebih murah,2
bagus,2
saya sangat tidak suka karena banyak toko penipu di biarkan bebas di tokopedia,0
terlalu sp notifikasi sangat mengganggu disarankan untuk tidak menginstal atau minimal matikan notifikasinya,0
csnya lelet,0
wajar aja makin lama tokped ditinggal pelanggannya harga lbh mahal dari lapak orange ongkir juga tidak sesuai belanja rb ongkir rb mahalan ongkirnya si orange tanpa batasan belanja tetap gratis ongkir maaf ya dulu saya bangga jadi pelanggan tokped skrg pindah ke orange krn lbh puas belanjanya,0
informatif,2
belum bisa kasih bintang full sebab aplikasi tidak bisa ke buka,0
app yang gak jelas sulut sekali untuk melakukan komplain barang terus slow respon sekali clam barang kembali susah sekali applikasi menurut saya tidak layak berkembang,0
mantul,2
toko saya yg sudah atau thn akhirnya sya off kan karna saking ribetnya mau upload brg di tiktokshop buat belanja jg aplikasi makin berat ancur dah ehe mau belanja aja buka chat lamanya gak kebukabuka hedeh,0
jelek menurut saya masa beli buku samday lama bener datang nya minggu mentang kerja sama guru sekolah kita mesti cantumkan anak kita,0
bagus,2
terimakasih tokopedia sudah amanah sukses selalu aamiin,2
kurang worth it belanja di sini kirain barang yang mahal kena prioritas ternyata prioritas di pilihan kurir yang paling mahal bosan nunggu paket saya setengah bulan lebih belum sampe juga update paket saya akan tiba di tahun depan pelayanan busuk dengan alasan dan tiba tiba nambah estimasi yang gak ngotak minimal kalau udah lewat estimasi pesanannya di batalkan aja lah kaya apk sebelah kocak pengen banget gw genjreng kepala yang layanin gw negosiasi gak ada tiba tiba nambah estimasi,0
najis berat banget ini aplikasi makin update makin sampah,0
bagus terpercaya,2
tokopedia makin parah time out mulu,0
mantap,2
lebih praktis hemat cepat n tepat,2
banyak promo,2
oke,2
sekarang appsnya lemot banget dan kyk nge bug gitu perbaiki dipegang tiktokshop kayak ga terawat,0
mending pindah toko sebelah bayar langganan plus mahal malah dibilang ngelanggar ketentuan padahal akun baru bikin nyesel banget langganan plus mana respon cs nya lama,0
terlalu banyak bug harga sering berubahubah signifikan tiap ganti pembayaran dan geser coin,0
sangat membantu,2
fitur dm muncul dinotif tpi di room chat gada aneh,0
saya isi e toll tp transaksi berhasil tp saldo tidak bertambahbuat keluhan ke cs gk ada respon,0
sadap saldo toko pedia raib hp sadap orang lain least transaksi beli di aplikasi saldo sampai habisbanyak kejahatan blanja di tokopedia tidak aman komplain nya pake agent sampai sekarang tidak ada penjelasan pengaduan yang jelas,0
sangat membantu sekali untuk mencari barang dan menjual barang di sini,2
kapan promo gak dapat mulu,0
kurang responsifakhir akhir ini pesanan saya selalu di gagalkan oleh sistemcuma gambar doang barang nya gak jelas,2
sekarang lagi kenapa sih tokopedia jadi ribet kebanyakan pemeliharaan batalin orderan susah bahkan kemarin pernah beli barang tapi gak muncul di riwayar mana udah di bayar,1
berulang kali dapet notif email ada transaksi yang tidak saya lakukan otp login karna ada device lain masuk waktu itu kedetek cuma sekali abis tu bersih bersih sesi login tapi masih aja ada ae ada yang bisa masuk tanpa otp beruntungnya jarang banget pake ini olshop saldo gopay jarang ak isi kalau emang lagi ga pake buat transaksi parah lu ga bisa detek mana pengakses akun yang asli,0
baru aja update lagi setelah lewat program tapi koq malah ada bug khususnya di fitur chatentah apa lagi yg akan terjadi,1
sangat mudah dan bagus,2
mantap,2
pakai tokopedia belanja online,2
beli plus niatnya supaya ada potongan voc malah voc nya ngga bisa gaa nempel malah harga barang yang mau di co makin mahal komplain malah gaa di respon² 😤,0
chat customer service tidak membantu alias di batasi hanya klik kendala tapi gak ada fitur diskusi secara lgsg ajukan komplain pun di beri tgl jadi malah nunggu terlalu lama lagi agar barang kita cepat sampai kerjasama dengan ekspedisi pengiriman yg terlalu lama pdahal sudah sampai di kota tujuan tapi selama hari todak di kirim ke rumah,0
kenapa selalu lemot loading gak jelas,1
produknya bagus bagus tapi ad toko part mobil yg asal asalan kasih brg dreturn susah transakasi lumayan hampir smntra kasih star dlu lah,0
kembalikan uang saya beli barang ga sesuai pesanan barang sudah di kembalikan dan sudah diterima penjual dari tanggal sampai sekarang uang saya tidak di kembalikan pelihara penipu di aplikasi tokopedia merugikan konsumen tapi pihak tokopedia tidak bertanggung jawab kepada konsumen saya konsumen harusnya di berikan pelayanan yang memuaskan bukan di suruh menunggu terus untuk pengembalian uang saya yang saya minta uang saya bukan uang tokopedia masa di persulit,0
pengiriman same day tapi malah lebih dari sehari cs juga asal tutup complain makin kecewa dgn tokped ganti ke toko oren aja,0
saat cek out sering error aplikasi merugikan,0
layanan buruk,0
terbaik,2
aplikasimu sering error suka crash sendiri gimana itu,0
sangat baik sekali,2
mudah penggunaan 👍,2
pengiriman sangat lambat,0
harga murah banyak promo tiap bulan,2
harga barang di tokopedia sangat mahal 😳😳,0
ngak mudah juga,2
masak tiap hari minta update,0
good,2
mantaab lancar,2
mantap,2
sedikit kecewa dengan tokopedia,1
makin kesini makin buruktidak ada gratis ongkirpaling nanti kolaps macam bukalapak,0
belom tf via bsi,2
saya sangat kecewa sekali sudah hampir hari transaksi yang gagal tapi saldo gopay saya tidak kunjung di kembalikan sudah hubungin customer care tapi respon mereka seperti tidak menjamin saldo kembali mereka bilang tunggu menit tapi ini sudah berhari hari tidak kunjung di kembalikan saya sudah cape berkali kali mengadukan ini berkali kali hingga akhirnya saya sabodo amat kecewa dan saya uninstal tokopedia toko online yang tidak bisa di percaya,0
aplikasi jelek ongkir ga ngotak lelet mending si oren,0
lancar jaya,2
sukses selalu,2
sangat luar biasa cukup memuaskan,2
min menggapa saya tidak bisa menggatip kan spayliter,2
toko pedia merupakan sarana bussines yang telah teuji xara kerjanya,2
semoga bisa berlangganan toko pedia lagitiap kali instal gagal terus bisa di instal tapi tidak bisa di buka dulu saya member dari tapi sekarang mau masuk ke toko pedia susah,2
susah banget deh order di sini nggak on time,0
pelayanan cs yang buruk slowrespon saya complain minggu belum menemukan titik terang dan tidak terbantu sama sekali,0
toped knpa ya kok selalu ada panggilanpemberitahuan begini halo tolong dibalas padahal saya liat di aplikasinya ga ada mulai ga aman akun saya nh toped,1
tingkatkan terus pekayanannya,2
tokopedia tolong kembali kn uang sya rb kenapa kalian ko bisa ambil uang saya rb terus saya tidk pernh punya aplikasi tokopedia dan engga pernah belanja kenpa uang sya di saldo dana bisa kalian ambil sya ada bukti nya,0
sering bug,1
aplikasi terlalu berat sehingga memuat halaman sering eror mengaktifkan paylater pun sangat susah tidak seperti shopaylater yang sangat memudahkan pengguna tolong update,1
keren banyak promo,2
tokped paling pelit ongkir pdhl akun baru ttp ga dapat voucher trs jg di bagian ubah metode pembayaranny loading lama bgttt,0
gk suka,0
bagus bisa kah ongkir nya di murahin semoga menjadi lebih jaya dan banyak rezeki nya,2
apotek tri farma by goapotik tiba membatalkan pesanan pelanggan tanpa ada alasan yang jelas,0
saya sie yes,2
lumayan perlu ditingkat lebih banyak lagi diperlengkap dipermudah dipermurah jangan seringnya mahal tidak lemot dsb,2
baik sekali krenn oke,2
bagus,2
good services,2
jos,2
pembeli seenak jidat ngajuin paket pengembalian barang tanpa bukti yang kuat,0
kenapa di tokopedia masih banyak barang yg blm bisa dibayar cod,2
bagus,2
permasalahan pada setting lokasi alamat sudah disetting alamat benar malah tidak ditemukan sudah di pencarian di klik jg tidak bisa saya coba buka alamat lain malah sama tidak ditemukan niat bikin market palce ga bos,0
good aplication,2
kapok belanja diaplikasi ini ga ada tgg jawabnya toko bodong bisa masuk nb hati beli dsini apalagi elektronik terutama hp banyak penipu lebih baik tutup akun jgn beli disini,0
tidak ramah seller,0
sudah speechless udah mahal gak bertanggung jawab cs tidak menyelesaikan masalah malah nambah masalah semua pakai bot hati saja pakai aplikasi ini,0
hebat hemat,2
so far so good thank you,2
terimakasih peromonyah aku dapet bulan geratis plus wah mantab pisan toko onlen lain lewat,2
tidak pernah dapat gratis ongkir mending pake apk sebelah,0
mantap gampang dan mudah aplikasinya qs,2
aplikasi ini sangat membantu berbelanja kami tidak memerlukan keluar rumah belanja teratadi terimakasih,2
aplikasinya lemod,2
cuma bisa kasih segitu aja karna pihak platform tidak berguna tidak bisa membantu pembeli saat ada masalah padahal kita menghubungi pihak platform karna sudah tidak mungkin berkomunikasi dengan penjual tapi pihak platform terus menyarankan untuk menghubungi penjual padahal penjual berjualan di platform mereka dan itu bukan toko kecil itu toko yang cukup besar mending pihak platform hilangkan saja customer care dari menu ngak ngebantu juga,0
bekerja sama dengan tiktok tapi pengiriman barang bisa sampai seminggu blm sampai terlalu lambat proses nya,0
top,2
kalau bisa pengiriman lebih cepat,2
cukup baik,2
semangat terima kasih,2
sangat mudah untuk membeli dan melakukan pembayaran nya ya,2
pop up main panen raya dan pop up pop up lainnya sangat mengganggu selama blm di buang pindah shortcut pop up nya bintang terus min,2
oke bagus,2
titik alamat selalu tidak terdeteksi,1
klik apa di playstore munculnya malah nih app hadehhh,0
kenapa tokopedia card saya belum juga tiba sampai sekarang di aplikasi dikatakan maksimal hari kerja masa pengantarannya ini sudah hari ke saya menunggu belum jga datang kartunya,2
harga barang nya mahal mahal ya mana ongkir juga mahal barang tidak cukup satu kilo ongkir nya sampai mahal nya parah daripada beli online saya kira murah tau malah mahal mending beli di toko toko yg ada di koto saya menyalah mahal nya🤣🤣mana kita bayar kurir lagi klau paket di angtar ke alamat kami apa tidak menyala mahal nya biaya ongkir nya ko tidak bisa cod ya,1
oke aplikasi bertahuntahun lancar bulan desember apliaksi tokopedia kutuan bersihkan bugnya ya segera oke,0
bagus lah belanja puas,2
kali ini cape sama tokped klau scroll barang dari atas kebawah dah jauh trus cek deskripsi produk begitu kembali langsung loncat ke halaman pertama jadi mulai dari awal lagi klau masih begini ganti progammernya atau saya yg ganti aplikasi dah gitu lola lagi,0
praktis dan sangat membantu,2
pengiriman cepat,2
penguna baru disuguhi gimik,0
aplikasine gatelll pye to developere aplikasine abot sering eror diskon dan metode pembayaran orak singkron filter pencarian sering ngreset sendiri pesan sering tidak terkirim sering stuck di halaman utama,0
mantap sob,2
ga ngulangin lagi beli token listrik malem² di tokped di proses lama bgt sampe udh mati listriknya belum selesai² prosesnya,0
chat sellernya hilang,0
kurir tidak profesional paket tidak diantar ke alamat tapi malah di retur dengan alasan pembeli menolak paket padahal tidak ada pihak kurir yang menghubungi sudah komplain ke tokopedia care tapi malah tetap di retur padahal barang sudah dekat pelayanan tokopedia tidak menyenangkan tokopedia care susah sekali dihubungi dan solusi yang di berikan lama dan tidak sesuai harapan mengecewakan,0
pelayanan cs nya paling buruk disuruh menunggu ber hari tanpa ada informasi tiket pengaduan berjejer tanpa kabar sedikitpunjangan donload aolikasi pukima,0
sudah saya hapus aplikasi nya soalnya paylater nya g bisa d pakai lagi,1
gak kayak aplikasi l huruf itu yang mahal ongkir nya di sini di tokopedia banyak diskon nya kadang malah sampe free ongkir pokok nya sip mantap lah,2
semoga toko pedia terperca dan semakin murah,1
bagus dah,2
pesanan selalu sesuai pesanan,2
tokped slg knp sih tampilan jadi anehh bgt jarang promo gk ada gratis ongkir apa karena mau ditutup sma tiktok shop setahunan ini jadi pindah ke shopee 😥😥,0
bagus membantu sekali,2
maf sebelum nya nomor saya di kirim kode verifikasi saya tidak pernah daftar di sini ya kalo ada org yang meng atas namakan bukan saya trimakasih atas nama delia bukan saya ya tolong saya ngga mengajukan apa apa,0
sangat memuaskan belanja di toko pedia,2
harganya mahal barang diskon gratis ongkir pas coba pemesanan harga malah lebih mahaltidak sesuai dengan discon,0
produknya selalu bagus pengiriman cepat sangat memuaskan,2
apk error,1
ongkirnya ga ngotak sekarang lebih magal ongkir dari barang yg di pesan,1
mantap,2
belanja asyiiik,2
hati hati yg belanja di sini karena banyak penipuan dan cs boot auto uang tidak kembali,0
bagus,2
pengiriman terlambat datang estimasi tidak sesuai tolong pihak pihak jasa kirim harus di awasi atau tidak ada yang mengawasi terhadap jasa pengiriman jne paling harus diawasi karena sering telat jangan pakai lagi jika sudah tidak memberikan pelayanan terbaik terima kasih sampai saat ini masih proses pengiriman,0
tidak bisa menggunakan spaylaterkenapa apakah di bekukan padahal gak ada tunggakan,1
gak ada free ongkir sama sekali mau bangkrut kali kayak toko merah,0
ok sip,2
mantappp,2
kadang beberapa produk ongkir mahalcenderung kemahalan,2
udh berapa minggu brang tak sampai jadi kecewa,0
mulai aja dulu berharap pengguna lama tokopedia ketika anda membaca review ini segera turunkan rating nya ke ⭐ karena semenjak voucher cashback dan gratis ongkir tidak bisa di gabung personally turun rating nya mungkin sepele daripada sewa sponsored ala opa gathel tapi mahal mending uang sponsored di alihkan untuk sewa artis lokal sisanya buat vouchers dsb cintailah karya anak bangsa sendiri apk ini semakin tida bagus saja apkah user toped lama juga merasakan,0
terima kasih jaga account pelanggan dari peretas,2
bagus,2
lumayan untuk di fahami,1
tokopedia yang ada di tiktok shop tidak sesuai dengan jadwal pengiriman pengiriman instan malah belum datang sampai hari padahal memilih tokonya masih wilayah tolong di perbaiki,0
rata rata yang diiklanin ga sesuai antara fisik sama iklangambar produk 🥱🥱,2
buka toko aja sekarang ribetnya gila,0
lag parah di device sharp aquos r terus sekarang tidak bisa memfavoritkan barang selalu gagal menyimpan barang favorit,0
gercep,2
gk ad gratis ongkir gratis ongkirnya cuma seupil😑😑😑,0
mantap,2
mantap udah kotak mirip burung,2
iklan lu waras dikit jink gw gak nyentuh layar tiba² pindah ke aplikasi apalah,0
membantu saat butuh dana uang dan bayar apa saja,2
good,2
toped emng top,2
terbaik,2
barang bagus,2
semoga dapat menjadi pilihan yang sangat baik,2
tadinya uang saya rp buat beli lcd tetapi pas mau transaksi ada tulisan bayar rp ternyata yang harus di bayar itu untuk ikut berlanggan plus saya tidak tau soal program plus saya baru instal aplikasi tokopedia tolong lah admin uang yang sudah saya bayarkan untuk plus di refundkembalikan saya tidak punya uang lagi,0
rekomen banget,2
banyak solusinya,2
cocok belanja disini,2
aplikasinya sering ngelempar ke halaman awal jadi harus ketik pencarian lagi,2
cepat efisien good,2
mantabbbb,2
sering ngelag eror kagak beres lama² bikin order salah,0
sangat lambat dalam proses pengembalian dana bukti jelas namun proses lama tidak seperti tiktok partnernya dia fastrespon saya sebagai pengguna lama apk tokopedia sangat kecewa,0
mudah cepat,2
ui error terus lemot udah lama pake tokped tp semakin kesini malah tambah kacau,0
untuk kurir jt cargo mending hapus ajadi tempat saya kurirnya paling males nganter paketnyagak pernah tepat waktu pengirimannyabarangnya selalu di tumpuk dulu baru di kirim,2
kalau ada ekspedisi yang ngirimnya lambat tolonglah dikasih sanksi masa pengiriman telat dari tanggal estimasi nggak ada sanksi,0
udah sejak hari dari kemarin tokopedia error terusmau cek barang pesanan dan nge review ada gangguan terus jawabnyadan kadang pas mau login susah,1
good,2
pake apl ini udah lama bgtkenapa updatenya itu terlalu cpt baru kemarin bulan lalu di update ini minta di update lagi,2
bagus tapi sayang sekarang gak bisa di buka di hp,2
aplikasi lemot banyak biaya tambahan setiap transaksi shg jadi mahal,2
bagus,2
nice,2
sangat mudah untuk bertransaksi,2
aplikas gak guna pengiriman sehari sampai ini udh hari gak di kirim,0
semoga ke depan tokopedia dan tiktok shop bisa semakin memahami pengguna dan pelanggannya terima kasih 🙏,2
senang berbelanja di tokopedia,2
mantap,2
saya sering ditipu,0
mantap,2
hp saya yang jelek jadi untuk scroll saja berat banget tapi di aplikasi s itu aman aman sama padahal sudah di update terima kasih tokopedia,2
optimalkan aplikasinya mencari katalog barang malah lagging dan tidak lancar tidak nyaman digunakan,0
aplikasi kok selalu ada gangguan di rumah tokopedia ket nyakalah sama shopee,0
gua nyesel padahal gua orang baru di tokopedia baru belanja langsung kenak tipu kan gua baru beli memory kira memory bagus pas di pasang malah gak terbaca ke sistem hp gua tolong lah utamakan kenyamanan konsumen dan jangan banyak penipuan dan kalau ada toko suka tipu tipu langsung di hitamin lah ini adalah pengalaman pertama dan terakhir gua kasih ranting lain kali tingkatkan kenyamanan konsumen dan utamakan kejujuran terimakasih tetap gua marah 🤬🤬😡,0
semoga ada jodohnya bekerjasama dengan tokokpedua,2
tepat waktu dan tdk pakai lama adalah kunci klancaran dlm usaha,0
sangat menarik,2
keren keren bagus banget barangnya,2
yoi,2
jeleeekkkkkkkkk banget uang saya gak kembali,0
ekspedisi nya nyasar baru kali ini ekspedisi nyasarshg melewati batas estimasi waktu yang ditentukan ada tambahan biaya administrasi saat bertransaksi diperbaiki di ekspedisi nya agar tepat waktu,2
mantap,2
bintang lima,2
pelayanan dan respon cepat,2
banyak hantu yg dagang hari chat gak di respon harusnya aplikasi ban pedagang yg gak aktif lagi,0
gosend instan sekarang gak benerbener instan karena kurirnya akhirnya ngirimin paket orang lain dulu entah dari kapan sistem kayak gitu berjalan,0
sekarang ribet jualan di tokopedia tolong di perbaiki sistem nya lebih gampang yg dulu untuk berjualan,0
dapat bonus banyak pas belanja bonusnya cuma bisa dipakai kisaran masa berlakunya cuma bulan lg parah marketing doang,0
ngga ada problem sih aplikasinya,2
apa sih kok ongkir nya mahal banget,0
kagak niat kasih promo top up udah di beli palah dinrefund terus pepe,0
nice 👍,2
ok sip,2
apk bego,0
kecewa,0
tokopedia memang oke,2
saya pribadi suka tokped dari yang lain tapi semakin kesini aplikasi semakin rancau padahal sekelas galaxy note tokped sekarang sangat berat sering error jelas bukan internetnya wong tiap hari bermasalahmemang pihak situ memang sudah pernah dicoba buka aplikasi di berbagai device biar tahu aplikasi di lapangan biar paham kalau smartphone beda ama pc atau laptop,1
mantap jiwa,2
banyak penipuan saya barusan ditipu dari seller pihak tokped tolong di perketat lagi untuk mencegah terjadinya hal yg tidak diinginkan,0
mantap selalu amanah penjualnyaberarti disleksi dengan baik,2
lemotttttt aplikasinya,0
pengembalian dana lambat di aplikasi katanya untuk metode pembayaran gopay x jam sudah di tunggu hari masih belum masuk sudah menghubungi tokopedia care cuman di suruh menunggu terus tanpa kepastian padahal aplikasi belanja lain kalau ada pengembalian dana gak selambat ini kok tokopedia lambat banget pengembalian dana nya,0
entah kenapa nyari barangtoko disini susah gratis ongkir juga susah diskon jarang meski,1
oke 👍👍👍,2
gak sanggup ngeladeni aplikasi toko sebelah ya aplikasi toko sebelah banyak promo discount sampai gratis ongkir setiap hari tanpa minimum order live nya ada discount sampai juga mendingan ngaku kalah aja deh🤣🤣🤣,0
mantab,2
komplenan sy sdh hari tdk di respon sm cssehari sy bisa x hub cs tokopedia tdk ada perkembangan apa soal perkara sy yg hampir kena penipuan di tokopediasy harus tunggu brp lama lg septi live agent tokopediagk sopan kau yaasy lg ketik di live agent kau akhiri chatny 😡😡 ribet yaa pnya kendala indikasi penipuan dsniprosesny berhari tdk slsaiapa nunggu sy lupa dgn kasus ini saldo sy hilang di akun tokped ini,0
saya tertarik dengan program ini,2
sangat bagus,2
mantap,2
setelah update banyak bag sering keluar sendiri,1
saya memang belum belanja d toko pedia tp sy akn coba pengalaman d toko pedia ini harapan bisa memberi pelayanan yg bs memuaskan pelanggan atau kestamer,2
mantap barang ori,2
di hp redmi internal berat banget sumpah,0
bagus,2
banyak scam,0
very easy sangat membantu tx,2
apliaksi mantap,2
tolong di evaluasi lagi buat kurir lion parcel saya beli barang yg sengaja milih tokonya dekat kota saya dan dpt di kota sebelah butuh cepat tpi ekspedisinya lama banget paketnya nyampe hari kemudian waktu pengiriman,0
penarikan dana lambat 👎🏻 dikomplain malah sistem otomatis yang menjawab pelayanan buruk 👎🏻,0
aplikasi nya udah bagus tapi pinpoint susah banget di gunakan ketika kita mau kirim ke tempat lain kita harus geser geser pinpoint sedirikita suruh buka map seindonesia cari satu satu nama desa kecamatan dan provinsi 🥴🥴 ketika di ketik jarak tidak di temukan itu saja keluhan saya,2
best,2
ngak guna menggunakan tambahan proteksi kalau ngak bisa dipakai pada saat produk yang diasuransikan rusak untuk klaim saja sudah via aplikasi,0
tolong pihak tokopedia banyak barang palsu bajakan beredar di etalase tolong hukum berat penjual pengedar barang tersebut ini amat teramar merugikan kami sebagai konsumen,0
mudah cepat praktis ol,2
blanja oke di tokopedia,2
mudah belanja disini,2
mudah praktis tidak pake ribet,2
senang,2
udh saya pakai lama sejak tokopedia sekarang berubah jadi tempat belanja terburuk layanan live agent gak ada di ganti ia,0
tokped mantap,2
nice,2
ok baru coba,2
lemod,0
tokopedia makin lucuceritanya saya domisilin medantoko yg saya pesan domisilin medan jugakok bisa si barang tadi proses nya sampe wilayah jakarta sanaribet nya lah😮‍💨😮‍💨,0
bagus si tapi ga ada gratis ongkirmahal jadi aku kasih bitang soalnya ha wort it bagi ku,1
mau isi token sekarang ga bisakecewa berat,1
di aplikasi ini gak sesuai komitmen permaslah saya sudah jelas namun disini pihak toko pedia saya nilai lambat jelas penjual tidak ada respon namun mslah gak kelar mesti nunggu lagi refund saldo hari apa gak kecewa haduh produk dalam ini mau bersaing dengan toko sebelah tapi sistem kerja lambat agen gak jam eh giliran jam kerja pun lambat responya percuma pajangin apresiasi banyak tapi faktanya lemot parah,1
barangnya kurang lengkap disini tidak seperti di toko sebelah,2
bagus,2
ok,2
lelet lambat pake segala acara salah salur lah ini lah itu lah beli basreng aja sampe hari blom dikirim² paket yg laen jg sampe nya ga sesuai tgl malah lebih lama sumpah coba tolong di perbaikin lagi cara pengirimanya customer gaada yg peduli mau pesanan lagi rame atau ngga yg mreka tau itu barang mreka sampe tepat waktu kalo tokped masih ga bisa memperbaiki masalah kaya gini mungkin gua terakhir deh pake apk ini sory to say tapi ini melebihi batas ketentuan yg di sepakati invoice,0
harap segera di perbaiki masak scroolll udah jauh ke bawah tiap backkembali untuk nyecroll gabisa selalu ke refresh ke awal ga kayak lainnya bisa lanjut scroll ke bawah tanpa refresh sendiri ke awal bagian atas,0
diskon bisa diklaim tpi tidak bisa digunakan misal rb menjadi rb rb hasil pajak tokopedia dijatuhkan ke pejual dan ke pembeli uninstall dah banyak aplikasi lain,0
aplikasi semakin berat payah banget lemot jadi mirip oren lemotnya,0
saya ragu belanja di sini takutnya jika barang palsu tidak ada yang menjamin barang bisa di kembalikan jika memang bisa atau memang barang asli saya jamin mengganti bintang dan ulasan yang lebih baik,0
mantap,2
sangat profesional dan sangat membantuproses cepat serta mudah,2
aku heran kenapa lokasi penerimaan paketnya selalu jauh sedangkan di apk shopee dan jasa kurir yg sama jt selalu di lokasi yg benar aplikasi ini benar benar tidak membantu jt terdekat ada loh,1
kereb,2
apk penipu beli wdp pake promo kirain masuk malah pengembalian saldo kalo gini mah nipu namanya,0
tokopedia mantap,2
sekarang belanja di icomer manapun sama pengiriman nya lelet kayak keong keberatan rumah banyak alasan di kurir padahl yang jelas karna gak bayar ongkir jadi di antar se mau nya ya mungkin gtuh di tahun ini,2
saya kasih bintang dua dulu,0
is very good,2
gangguan nya downloaad lagi padahal dowload lagi gbisa,2
kok saya top up gk mssuk² min,0
praktis,2
bayar token gagal mulu sejak pagi eh malam mo ku ulangi keterangannya habis,0
good,2
mantap,2
mntap,2
saya tidak memakai aplikasi ini tpi tbtb ada kode verifikasi yang masuk tolong jika ada yang menyalah gunakan data saya itu bukan tanggung jawab saya,0
dapat promo cashback tapi tidak bisa dibelanjakan sepenuhnya mending ga usah ada promo sekalian,0
bagus juga si,2
good option 👍👍,2
wahhh bagus sekalicocok untuk belanja sehari hari😁😁,2
sudah bagus tapi akhir² ini ko inbox chat saya ga bisa ya pesan dari saller ga pada masuk,2
mantap mudah di gunakan,2
b aja,0
aplikasi bagus dan sangat membantu dalam setiap kebutuhan,2
parah banget sekarang pengiriman bisa sampai hari,0
ganti bintang krn kecewa order instan sampai hari gak ada kurir yg jelas pickup buat laporan sampai kali ke costumer care gak ada hasil dan gak jelas penanganannya sangat kecewa sampai terpaksa kasih penilaian disini,0
ga menarik voucher promo cuma untuk paylater dan bank lain saja,0
banyak penipu berkeliaran di tokopedia filter untuk reseller kurang bagus,0
andalan belanja online,2
satu kata nice,2
apik,2
nice,2
return barang selalu dipersulit dan seakan memihak kepada penjual tidak seperti shopee yang mempermudah costumer untuk return barang,0
mantab enak sekali tokopedia,2
aplikasi jelekpesen token aja lama sampe berjam kl g bisa harusnya kn lngsung batalin,0
oke,2
awal belanja online ya di topeddan selalu di toped karna lebih suka ke tampilan menu,2
ok,2
mengapa tokopedia suka memunculkan notifikasi tidak jelas dan kesannya menipu saat di buka malah produk tidak jelas atau semacamnya dan akun saya tidak bisa menggunalan voucher lagi tapi tetap saja di berikan notifikasi dan diberikan voucher kesannya nyampah ngebala nipu dan bikin risih sungguh tidak jelas dulu sering pakai tokopedia tahunan mungkinmember platinumdiamond namun karena tidak bisa pakaia voucher lgi jadi sudah jarangsudah sekitar tahunan tidak bisa pakai voucher,0
toped idolakubarang pilihan,2
saya kecewa dengan tokopedia karena akun saya tidak bisa belanja di metode pembayaran cod dan sekarang saya telah menutup akun tokopedia,0
baik,2
sampahlelet fulltoped sampah,0
gk banyak gimik jd cocok buat yg gaptek,2
aplikasi konsisten setiap beli barang barang nya asli semua,2
makin kesini makin ga pro pembeli komplain susah banyak pedagang nakal ga konsisten narik dana juga susah jauh beda dengan sebelah,0
x order lewat aplikasi ini repot banget penanganan masalah sama seller beli diofficial yg satu barang rusak dikirim satu lagi barang seminggu nggak dikirimkirim komplain tidak direspon ajukan cancel harus persetujuan seller barang kosong jangan dijual mana ngga ada customer service online yg bantu cuma artikelartikel doang,0
bintang satu aja apk ngen lama bener pengiriman barang nya janji nya tanggal sekian udah nunggu lama lama ga jg sampe barang ku padahal udah lewat waktu nya apk buriq,0
bisa belanja hemat,1
meskipun saya masih berharap sama ini toko di bandingkan toko sebelahlain yg udah saya uninstall tapi jujur saya kurang puas pengiriman ke daerah saya tidak terjangkaudi batasi plus gak bisa cod contoh produk liquid sama podvape trus harganya berkali kali lipat jika di bandingkan di toko offline dan umur saya sudah lebih thun tapi produk masih di batasi dan harus verifikasi akun berulang ulang kalikenapa makin kesini layanan tokopedia makin rumit sekalii,0
ok mantap tokopedia,2
udah yg ke kali kasi ulasan semakin kesini malah makin jelek aja komplain proses nya lama banget admin juga plin plan gak tegas cs chat live gak membantu sama sekali perbaiki lagi pelayanan nya,1
blum di coba mudahan amanah,0
mau daftar saja sulit kode verifikasi berupa pin saja gk dikirim ke sms aktif gimana mau belanja,0
baru mau cobamasih gangguan sistem,1
aplikasinya kurang efisiensetiap bulan harus updatetolong updatenya jangan setiap bulan,1
aplikasi tolol beli token listrik tapi token nya ngga muncul sdh nunggu jam lebih malah di suruh nunggu lagi ngga bisa d batalkan pulak,0
ok,2
hari ni kacau,0
tokopedia lg kenapa sih gangguan terus sudah hari saya mau download invoice tidak bisa peringatnya tokopedia sedang ada ganguan emang selama hari itu aplikasi gak di perbaiki belum lagi tokopedia care ngasih saran gak jelas chat operator costumer service lambat dan sulit di akses gak jelas ini lamalama tokopedia,0
pelayanannya bagus dan pembayarannya juga mudah,2
toko online yg terbaik,2
ok banget,2
selalu dihati,2
jangan pakai aplikasi ini keamanannya kurang akun saya baru kena hack pada tgl des jadi no hp alamat dia ganti seharusnya ada verifikasi dari pengguna kalau ganti no hp ini tidak ada sama sekali akhirnya dia gunakan buat beli iphone dgn hrg jt pembayaran melalui gopay later pembayaran bln saya sdh hubungi tokopedia care tpi tdk ada respon pdahal saya sering beli barang di tokopedia rusak emg toko satu ini ingat kalian yg make apk ini hati,0
pelayanan jos,2
ini knp lg ya beli token listrik di jam seharusnya udh bisa di proses tp msh blm berhasil konfirmasi skg beli lagi di jam pagi msh blm bisa oi bantu lah chat cs malah g bisa,0
terima kasih tokopedia promo pulsanya ribu cuman ribu,2
cukup bintang satu,0
masih mau coba rekomen dari temen,2
good,2
susah banget cekout nya lemot parah ga jalan,0
ibu qsaya berlangganan plus tapi fitur tidak bisa digunakan konsultasi ke cfs lama padahal waktu promonya tetap berjalan ngerugiin orang aja uang ga biss kembali nyesel banget tambah kesini tambah jelek,0
cepat respon,2
min kok hilang ya gopaylatter saya saya mau bayar cicilan,2
payah pembeli sama penjual ga bisa batalin pesanan gara ga di pick up si kurir,0
keren fiturnya banyak,2
aplikasi gajelas beli token tapi tokennya ga langsung muncul gimana kalau listriknya untuk kerjaan hah mau ganti kerugian jangan pernah pakai aplikasi gajelas ini,0
mantap,2
belanja di tokopedia gak susah dan gampang cara belanja nya,2
ok,2
refund susah kontak cs susah blanja disini kalo gk sesuai dan kita retur duitnya gk balik belanja di oren aja lebih pasti,0
pengiriman brang tidak sesuai dengan tanggl saya sangat kcewa atas ketidaknyamanan saya mau pke brang itu bsk mlah ngk nympee hadehhh😮‍💨,0
saran gue mending jngan disini soalnya banyak penipu berkeliaran gue coba hubungin chat tokped memuat trus gimna gue mau komplaingue ilang duit paylater di apk tokopedia ini rb kenapa gue ngasih ulasan disini karna di apk tokopedianya memuat trus padahal gaada problem masalah jaringan guehati hati aja kalian main apk ini apala gestun paylater,0
baik sekali,2
mantap banget,2
bner ini aplikasi bikin kesel trsaki hari masih d proses jadi nya kan saya kena denda dari pihak pembyrn angsuran sya pdhl saya sudah telat waktu byr tpi tokopedianya aja loading lama prosenya gak berhasil uang yg sudah masuk juga susah bgt d tarik nya kapok saya pake aplikasi ini buruk bgt pelayanan nya,0
aplikasi bagus tapi expedisi antri,2
kode eror iopczr sering tiba tiba hank hitam mau buka ulasan diarahkaan ke update tapi update tidak ada kenapa tidak bisa buka ulasan sistem transaksi 👍 tapi aplikasi sangat tidak bagus sebelum update sangat lelet setelah update tidak bisa buka ulasan cari programer yang benar kenapa padahal tokopedia paling aman transaksi hak pembeli terbukti terjamin haknya sayang appnya lelet,0
ok tokped🤣,2
aplikasi scam baru pertama x daftar aplikasi ini terus dikasih voucher banyak tapi setelah mau cekout vouchernya pada gak bisa dipake tetap stay sama shopee tokped scam,0
good job 👍,2
oke,2
hallo tokopedia semoga kembali seperti dulu lagi biar jualan gak ribet seperti sekarang harus donlod tiktok segala 🙏🙏,2
apa² an kali pesenan di batal kan dan uang nya pun nggak otomatis ke rekening malah jadi saldo tokped bisa di kembalikan ke rekening tapi ribet😔,2
gak tau kenapa yah aku rasa update makin kesini makin gak jelas pencarian di toko yg jelas tertera pun gak ketemu klo di ketik di tokonya pdhl ada barangnya aneh tolong lah jangan bikin pelanggan lama jadi pada hilang apk nya sering berat klo dipake kelamaan ngelag parah harus bolak balik keluar masuk apk,0
helpful,2
mantap,2
toko online paling lengkap,2
keren,2
aplikasi bagus murah dan gratis🗿,2
penyelesaian masalah ga pernah becus lama banget dan ga selesai,0
goood job,2
untuk pengiriman kerjasamanya dengan idexpress mohon dipikirkan ulang banyak yang kecewa dengan jasa idexpress muter² dan lama sampainya,0
dulu merupakan salah ecommerce yang sangat bersaing dengan shoope tetapi saat ini sepertinya tidak promo terbatas pilihan barang kurang lengkap dan beberapa fitur yang sering error,1
lengkap,2
sangat membantu saya trimakasiih,2
versi terbaru dari aplikasi ini justru membuat semakin banyak bugketidakvalidaneror aplikasi jadi semakin lambat sekali untuk memuat fiturlayanan dan bahkan gambar produk yang dijual sering rusaktidak muncul padahal internet yang saya gunakan tidak ada masalah,0
maaf tapi ini sangat menggangu bermain seseorang🙏,0
aplikasi tokopedia penipuansaya beli kebab monster original dipati ukur sampai sekarang tidak ada kebab mosternya sudah dibayar dr aplikasi gopaytolong tanggungjawabnya ganti uang saya kebab,0
makin kesini tokped ga jelas tdk bisa berjualan secara live ulasan bintang fitur chat loading lama 😡😡😡,0
ok,2
top wes,2
mantap,2
saya suka,2
ini tokopedia kenapa saya belanja instan drever nya gak nyangkut² sebenar nya sy udah pernah kejadian seperti ini eh sy coba lagitetep aja driver susah banget beda sama shop langsung gercep kalo instan buat sy instan itu penting karna konsument suka dadakan kalo pesen,0
aplikasi oksemoga kedepannya lbh banyak promo lg utk bayar tagihan terima kasih🙏,2
sekarang sudah ga bisa cod ga tau kenapah,2
jujur masih jauh lebih murah harga barang di toko oren 😅,0
kebanyakan notif berisik,0
hallo toped saya telah mng update aplikasi ke versi tp aplikasi selalu crash ketika mengetik d kolom pencarian tolong segera d perbaiki aplikasinya,2
bagus,2
ok,2
tokopedia lucu sajaundian yang sudah dimenangkan dari rodaputar tak taunya punya sk yang tidak logikahadian ribubelanja dulu sebanyak banyaknya dan diundi ulang lagi sama saja pembodohan atau bohonghoax cari duit yang benar saja,0
tidak disarankan pakai ada biaya layanan dibebankan dan tidak dibalikin walau ada pembatalan pesanan hebat kan refund pun bukan kembali ke rek awal tp tettitip di platform nya klo mau ditransfer ke rek bank kita kena lg biaya transfer waduh biaya trus dibebankan selain itu barangnya lama skl tiba klo dikomplain banyak alasan cust serv nya tidak sopan memutuskan chat sepihak sj barang dipesan estimasi tiba tahun lho luar biasa,0
ini kenapa saat saya ingin mentautkan pembayaran dengan aplikasi gopay selalu eror mohon di perbaiki,2
min untuk saldo bonus yg di gunakan jangn terlalu sedikit lah untuk transaksi pembayaran,1
ada beberapa yang bikin kecewa mode pembayaran cod terbatas terkadang privasi tidak sesuai dengan permintaan pas chat,2
kacau refund tidak bisa di ambil sudah hari ngendap kapok belanja lewat tokopedia komplain ke adminnya responnya lama banget,0
aplikasi lelet terutama di chat nya,0
layanan nya bagus salam sehat dan semangat berkarya,2
gaadagratis onkirnya,2
penurunan kinerja aplikasi estimasi by systemtidak sesuai dengan ekpedisi in case saya membeli produk estimasi tgl desember sampai sekarang barang tidak sampai owner store dan customer service tokopedia mempunya kesamaan tidak responsible dan tidak ada solver underate aplikasi ini kalau bukan karena barangnya belum samapi saya uninstall dan tidak mau membeli barang di aplikasi ini,0
lambat👎,0
ongkir keren kwalitas bagus mantap,2
pengiriman lelet gak ada solusi percepatan pengiriman,0
mau tautin gopay gagal mulu,0
terima kasih,2
pengembalian dana sangat mudah pertanyaan untuk validitas mestinya pertanyan biar kliatan berguna wkwkw eh skrng ngalamin lagi pengembalian dana nunggu hari padahal penjualnya emng niat menipu ternyata melindungi penipu dengan aturan lanjutin ya jangan ada perbaikan,0
sangat baik,2
wow,2
apk terburuk yg saya punya kurir gk mau nganter respon lama hadeh beda bgt dgn shope apk sampah emang buat tokopedia gk usah kerjasama dgn jnt bikin emosi aja lihat kurir nya mendingan jne atau spx lebih amanah dan tanggung jawab tolong perbaiki cs sangat buruk bkn membantu mlh perburuk wkwkk dahlah capek,0
komplain nya udah minggu gk kelar kelar,0
ongkirnya mahal jarang dapet gratis ongkir tuh tetangga sebelah hampir selalu dapat gratis ongkir,0
harga checkout kok berubah,0
saya suka langgana belanja di tokopedia yg tidak suka ribet ada update aplikasi segala,2
ok,2
oke,2
marketplace sebesar tokopedia tidak bisa memberikan pelayanan yang terbaik ke pembeli dan penjual barang yg sudah dibeli hampir bulan belum juga diterima sudah komplain baik ke pihak ekspedisi maupun ke tokopedia belum ada titik terangnya sudah hampir bulan dan hanya disuruh menunggu proses investigasi,0
lambat,0
ingin belanja mudah tanpa ribet,2
menarik,2
suka ilang barang yang di keranjang,2
maaf saya rubah jadi bintang krn iklan tokped terlalu mengganggu iklan tokped terlalu banyak di aplikasi lain,0
untung ada toko oren lg urgennya beli paket data system bermasalah mau belanja buat alamat baru tidak ditemukan lokasi padahal pilihan klik ada lokasinya smenjak kolab tiktok karyawan di phk semua yg kerja robot andai ditipu ikhlas saja sudah mending fokus ke salah satu saja untuk tokped tiktok atau tokped,0
mantap,2
saya sekarang tidak merekomendasikan kalo mau beli di marketplace tokopedia karena saya dirugikan dari barang lcd saya beli di tokopedia barang rusak saya pengembalian dana ajukan pengembalian dana malah tokopedia mengembalikan dananya alias uang saya ke penjual yang jelas jelas penipuanjadi saya rugi barang dan uang juga tapi tokopedia tidak sama sekali kasih kompensasi sama sekali saya sangat amat kecewa kalo bisa jangan pakai tokopedia lagi karena aplikasi penipu😡😡😡,0
pilihan lain berbelanja selain di toko dan mall lengkap pilihannya tetapi sayang sekali sekarang sudah jarang gratis ongkir dan harus langganan tidak seperti toko online lainnya,2
saya sangat kecewa karena tidak bisa cod untuk developer tolong dibanyakin cod nya pliss,0
sangat menarik untuk bekerja,2
woi tokopedia kasih pilihan kurir sama palanggan agar pelanggan bisa pakai kurir yang sesuai keinginan pelanggan kurir bermotto express tetapi kenyataan lambat cara mu membuat ranting app mu jadi jelek,0
good,2
cepat sekali,2
mantul membantu pisan,2
buat chat penjual ngelag buat ulas produk ngelag dan sering muncul kata ada gangguan di rumah tokped mohon diperbaiki segera terima kasih🙏,1
mau beli suatu produk di aplikasi langsung ga bisa padahal dulu bisa disuruh ke web tapi di web ga bisa pake semua vocer bahkan vocer gratis ongkir pun ga bisa aneh klo mau nyuruh buyer beli pake web kasih juga semua vocer nya aktifin jangan cuma bisa aktif klo lewat aplikasi sedangkan di aplikas ga bisa keluar barang nya gimana sih mau nya ga jelaa banget eneg banget gw lama ama ni toko ga ada bagus nya ga pernah sadar diri dan ga pernah mau upgrade aplikasi,0
gangguan di rumah tokped,2
sangat baik,2
puas,2
baik,2
harga kadang mahal gak sesuai dengan diskon,1
mantapp,2
saya senang belanja di toko pedia,2
sangat bangus dan amanah kurirnya ramah dan sesuai dengan pesananya,2
ok,2
tolong banget kalau update jangan ganti letak icon dll kita jadi bingung mau cari ini itu soalnya pindah saya mau cari saldo tokopedia untuk penarikan dana harus buka semua icon karna tidak muncul di halaman profil lagi,0
bagus,2
parah si tokopedia penarikan saldo refund sudah hari belom di cairkan ke saldo gopay padahal keterangan x jam ini sudah lebih dari x jam masih tahap pengecekan parah si,0
semoga sukses selalu untuk selamanya,2
tokopedia update terbaru payah pengguna baru yang di papua ga bisa masukkan alamat dan otomatis menemukan alamat di jakarta,0
baguscocok sekali toped mantap pokoknya,2
produknya cukup bagus,2
bagus,2
sebagai pengguna tokped sekarang buka aplikasi aja lemot tidak seperti dulu,0
bagus,2
bagus,2
good aplikasi ny,2
tokopedia akhir akhir ini kenapa ya fitur fitur nya tidak bisa dibuka contoh seperti ketika ingin mengubah metode pembayaran dibuka lihat semua tidak bisa ingin membuka riwayat komplain juga tidak bisa ingin membuka tokopedia later juga tidak bisa saya kira karena belum update ternyta setelah di update tetap saja tidak bisa sebenarnya ada apa dengan tokopedia ini,0
mantap,1
gampang mudah berbelanja,2
gak ada layanan codnya gimana mau pesen jangan persulit rakyat kecil tolong d perbaekin lagi sistem codny dibuka,0
status barang sudah sampai tapi saya tidak menerima barang nya tokopedia gimana sih bahkan pihak andmin menolak pengajuan sayapihak tokopedia tidak mau memberikan kompensasi atas hilangnya barang,0
notif iklan dan promo dr toko gak jelas sangat mengganggu dan tidak bisa di disable,2
mantap,2
aplikasi nya bagus tapi yang sering bermasalah di penjualnya kadang di profil barang ada giliran sudah di bayar stok barangnya kosong,2
toko monake professional store menipu proses return barang yg tidak sesuai pesanan tokopedia tidak menyediakan fitur yg membantu mengatasi toko nakal ini sementara saya kasih rating sampai ada solusi dari tokopedia,2
sangat bagus,2
bagus,2
mantap,2
sangat baik,2
lancar terus selalu update,2
ada gilenya lu baru juga mau bikin toko udah di nonaktifkan aje gimane mau jualan ribet bgt aplikasinya ga kayak yag sebelah,0
skrg sdh cepat tapi mohon kembalikan menu home seperti dulu tanpa video otomatis jika ingin nonton video kan sdh ada feed,1
baik terimakasih,2
bagus,2
mantap,2
mending kalian pake aplikasi lain aplikasi ini gaguna masak barang yang dikirim kurang tapi gabisa mengajukan pengembalian cs pun cuma mengandalkan ai pokoknya aplikasi paling sampah ya tokopedia demi allah nyesel saya belanja disini buang duit dan satu lagi jangan belanja di akun dunia shop karna itu penipuan penting untuk kalian tau agar ga rugi kayak saya,0
sangat bagus sekali saya suka belanja d sini,2
pembaruan mulunotif selalu lambatpembaruan teruusssssssssssparah woiy,0
semenjak gabung sama tiktok dan bukan indonesia lagi petingginya pelayanannya busuk banget chat cs yang bales ai mana gak nyambung setidaknya dulu meskipun lama tapi manusia asli jadi ya problem bisa terselesaikan itulah beda nya ai ama manusia sebodohbodohnya manusia masih bisa mikir trus sekarang gak bisa komplain lagi kalopun komplain diarahin ke faq yang tidak update itu,0
tokopedia melindungi penipu sudah diberi bukti gambar dari penjual tapi tetap tokopedia tidak peduli padahal yg membuka segel adalah penjual gimana kami melampirkan bukti tanpa segel yg dikirim pun bukan yg ditawarkannipu dan barang rusak tetapi tokopedia tetap tidak peduli mungkin ditokopedia banyak penipu yg dilindungi tokopedia,0
mending ke toko oren aja w pertama beli barang disini dibatalin tokonya dana refund nya gak balik² ya gak seberapa sih cuma k cuma penangananya dan sistemnya gak jelas udah w chat juga berkali² masih disuruh nunggu mending shoppe xjam gak usah dichat udah beres,0
sangat membantu,2
gila memang saya g mau barangnya ttp d krim penjual saya blg k tokped batalkan aja pengiriman ny sy g mau barang yang lain e malah ttp d krim saya ajukan pengembalian langsung ttp sy yg rugi masih ada tagihan yang barang ny sdh d kembalikan sy g nrima barang tapi saya ttp di tagih,0
luar biasa bs mudah dan terbantu,2
top up tap cash kadang suka gk masuk aneh bgt bukan sekali kali tpi di saya berkali kali udah saldo saya untuk top up berkurang tpi di tap cash nya gk masuk dana nya setiap saya complain perihal ini selalu slow respon,0
verry 😍,2
jika kena tipu di aplikasi ini ga ada respon buat pelanggan ga akan beli disini lagi,0
mantap,2
lemootttt,0
katanya diskon buat pengguna baru pas uda login ga ada diskonnya dapet diskon tapi itu tetep harga normal barangnya segitu,0
sangat memuaskan,2
ok,2
pengirim estimasinya lambat banhet kyk siput lagi makan habis itu tidak dikirim kirim gal jelas tokped lama kelamaan,0
semakin tidak nyaman posting produk harus terintegrasi ke tiktok shop butuh hari verifikasi data toko sedangkan kita hanya jual sesaat saja proses nya sangat tidak efisien,0
bagus,2
sangat lelet loding lama,0
tokopedia paling top,2
aplikasi yang it the best👍🏻👍🏻👍🏻😁,2
tokopedia memang mantap,2
terbaik 👌,2
akun gak bisa di login akun tidak bisa login😔,0
minim promo makanya sepi efeknya penjual jarang respon di sini ujung ujungnya cancel,0
terimakasih,2
oke,2
makin kesini makin berat banyak bug pula buka dekskripsi produk aja kaga kebukabuka lola bahkan chat penjual dari halaman produk aja gabisa padahal internet lancar hp gak kentang mau beli aja ribet bikin males,0
sangat membantu,2
toped yes tiktok no,1
laporan pengiriman gagal terus padahal alamat dan no hp saya tertera jelas kurir tidak pernah membalas chat sama sekali toko penjual juga melempar tgg jwb ke bag pengirim an jelek sekali pelayanan nya,0
bolak balik install aplikasi hubungi tokopedia care tidak ada respon sama sekali dan tetap saja tidak bisa login,0
parah ini aplikasi bertahun gua belanja di sini sekali nya refund barang duit gua ga balik penjual bikin sop pengembalian barang se enak jidat jelas jelas barang udah di balikin duit gua ga balik udah gak mau gua belanja di aplikasi ini lagi penipuan barangg sudah di kembalikan duit gua gga balik yg lain apus ajah aplikasi ini mending pindah ajah aplikasi olshop lain,0
memuaskan banget,2
apk terbaik,2
suka eror🙏🙏🙏,0
beli pertama normal begitu ada diskon langsung hilang diskonnya pas co,0
sinyalnya kenceng alasannya error terus,2
sangat puas,1
bagus,2
harga terjangkau,2
aplikasi olshop terburuk abis nyari produk trus klik kembali malah balik ke pilihan atas padahal dah scoll nyampe jauh ke bawah aplikasi sampah,0
kasih promo sendiri tapi waktu mau bayar lah kok harga normal aplikasi cacat,0
sangat membantulayanan online nya,2
cs tidak memberikan solusi thd permasalahan mendapat harga promo tp penjual tidak memproses pesanan di chat malah menyarankan utk membatalkan pesanan dan melakukan pembelian kembali dg harga yg jauh lebih mahal pihak toped pun tdk tegas thd penjual seperti ini dan cenderung tdk dpt membantu pembeli cape batin jadinya,0
mantab,2
keren👍,2
sangat membantu lebih banyak lagi promo nya kak,2
cashback dari pembelian disebut bonus tetapi bonusnya tidak bisa dipakai penuh hanya bisa dipakai masa aktif bonus bulan kebohongan apalagi yang kalian buat hi tokopedia,0
hapuskan biaya admin pengisian saldo emoney,2
akun saya di nonaktifkan saya sudah chat tokopediacare dari hari lalu sampe sekarang gada yg bales tolong lah tanggung jawabnya pihak tokopedia,0
maaf untuk sekarang saya kasih bintang tokopedia sekarang entah kenapa jadi super lemot mot banget tiap buka aplikasi bnyak gmbar yg tdk bs terbuka ga kaya dulu enteng banget,1
ok,2
update mulu,2
okeh,2
sangat membantu dan mantap,2
aplikasi nya makin tidak jelas,0
sya kecewa sekali kepada tokopedia yang meloloskan penipu untuk berjualan dan kenapa tidak laporkan saja ke polisi nama toko penipunya adalah prabustore,0
udah ribuan kali klit tdk tertarik dn tdk ingin di rekomendasikan ttp aja ada produk yg tdk d sukai,0
uang saya diambil tokopedia saya transaksi mau bayar gopaylater dari aplikasi tokopedia pada tgl desember sebesar tp invoice transaksi tidak ada dan sampai sekarang uang saya diambil mereka tanpa ada kejelasan bolak balik hubungi cs lempar sana sini,0
good job,2
ga niat dipakai orang ini aplikasi masa mau beli mau dibayar lah diskonnya hilang aneh,0
kenapa semakin kesini semakin menjiplak aplikasi toko oren saya tidak suka aplikasi toko oren karena ada pop up mini video yang mengganggu eh malah ditiru 🤦‍♂️💢,0
ok,2
sugan bener nyata 😁,2
good,2
belanja di sini bisa beli ipod apalagi murah yang lagian guncang satu satu,2
👍🏽,2
bangke lah jaringan eror jaringan eror padahal pake aplikasi lain aja lancar benerin tuh,0
jika transaksi kalian dengan seller bermasalah marketplace bisa menengahi masalah tersebut tapi bagaimana jika marketplace nya yang bermasalah nilai transaksi jutaan gak di teruskan ke penjual justru di manipulasi di sabotase dan dana nya di ambil pihak marketplace lalu bagaimana dan kemana kalian mengadu wassalam ikhlaskan begitulah kira tokopedia maling dan penipu berhenti transaksi lewat tokopedia atau kalian akan jadi korban berikutnya ❗❗,0
tokopedia sudah bagus cuman alangkah baik nya fitur paylater nya bisa digunakan untuk pembelian pulsa dan paket datajika itu bisa dilaksanakan tokopedia udah mantapsemoga bisa di wujudkan pihak tokopedia nya,2
bagus mudah di pergunakan,2
mantap,2
update terbaru jelek disuruh update ulang alamattapi pas mau di update lokasi tidak terdeteksi😡 padahal ini aplikasi tokped favoritq smua barang elektronik beli di tokped karna aman tapi knapa jadi kayak gini setelah update,0
ini saran saja untuk toko pedia layanan dan teknologi nya ketinggalan jaman kalah bersaing dengan platform lain yang memperhatikan perkembangan zaman harga nya juga lebih mahal,0
gratis ongkirnya gak jelas gak kayak di toko oren,0
jangan beli apa² di tokopedia gw kena scam jutaga ada tanggapan sama sekali dari pihak tokopedia smpe akun gw kena hack sma penjualnya,0
aplikasi busuk sering bug menu chat lenjual maceet aduan komplain pesanan lambat tdk ada respon hapus,0
paket tidak datang sama sekali,0
dikit update kalo di update diskonnya gede mah gpp,2
main tahan saldo aja parah cokk🔥,0
kebanyakan notifikasi yg ga jelas hampir tiap per setengah jam selalu ada jadi penuh sama notif dri tokped,0
baru coba bagus ap gkaplikasinya,2
pesanan saya di batalkan saya bayar pakai gopay tapi suda hari uang saya tidak balik lagi bagai mana ini di chat ke admin jawaban nya mohon di tunggu menit tapi gak ada jawaban selama menunggu tolong dong jangan memper sulit padahal saya selalu belanja di on line disini,0
skrng tidak memuaskan dlm pengiriman barang pkknya kecewa,2
sangat membantu,2
tambah lelet update aplikasi,0
secara fitur dan tampilan suka sekali cuma kurang promo diskon dibanding si orange,2
skrng tokopedia ga bagus kurang dari tetangga sebelah yg apa ny mudah,2
kecewaa berat belanja disini sudah pesan barang di jauh hari terus hari kemudian pihak toko chat suruh batalkan pesanan dengan alasan stok habis kecewa kecewa lebih baik belanja di shopee,0
untuk team itini kenapa aplikasi nya jadi semakin lemot yahbahkan dijaringan g,0
order tgl pagi pengiriman via sameday hinggal tgl paket blm dikirim jg sameday gimmick suruh gantj nama jgn anteraja tp entaraja,0
sungguh aneh cuma ngecek voucher masih panjang menit kemudia mau checkout voucher hilang sendiri padahal belum dipake sungguh platform paling aneh,0
pokok nya tokopedia top 👍👍,2
tokopedia banyak masalah setiap lapor di tokopedia care hanya disuruh menunggu dan masalah tetap tidak selesai jawaban selalu template saja sangat tidak membantu dan memudahkan pembeli,0
lebih sederhana dan murah,2
buruk,0
respon lambat barang selalu jelek g datang mending shoope,0
mau buang duit aja musti update terus,1
saking rumitnya aplikasi sampai ada kursus dan akademinyaharap dipersimplehapus menu yg kurg dipakai dan tingkatkan pelayanan servis center chat bergambar biar jelas kelihan dengan disertai ss,2
setiap ada update aplikasi bukannya mempermudah malah mempersulit,0
pelayanan sangat buruk tidak ada call center yang bisa dihubungi chat live tidak pernah menyelesaikan masalah hatihati bagi yang bertransaksi jika ada kendala sangat sulit pelayanannya saldo refund juga tidak cair dalam waktu yang sudah melebihi batas sudah banyak komentar di instagram saldo yang tidak masuk saldo bonus tidak bisa dipakai banyak nipunya,0
pengirim ya lambat saya sudah menunggu paket dari jumat kemarin dan hari selasa belum dateng saya trauma dengan aplikasi tik tok shop,0
bintang sulu kalo aplikasinya bagus tidak mengecewakan penjual amanah baru bintang,0
mantap,2
benerbener ya ni tokopedia gembar gembor bisa kasih diskon murah dll tapi nyatanya patner kurirnya yang ecek alias sering banget keterlambatan dan jauh dari target estimasi kalo cuma mau untung dengan kerjasama dengan logistik asalan ga gini juga lahh,0
coba dulu sempat kecewa,2
biaya onkos terlalu mahal,1
dulu belanja di aplikasi sangat nyaman tapi sekarang asliii makin gak nyaman mau pindahkan duit sendiri dari saldo tokopedia harus nunggu maksimal x jam dan saat saya tulis ulasan ini sdh jam dana blm masukstatus hold hub cs cuma ngobrol sama robot doang maksudnya apa sih nih dulu gak parah gini lho cuman hitungan menit udah masuk belum lagi biaya admin gede dan aplikasi semakin lemot banget itu notifikasi inbox muncul terus padahal sudah dibaca semua mengganggu payah,0
sangat memuaskan,2
bagussss,2
good,2
tidak ada solusi jika seller lama mengirim pesanan percuma buat promo tapi pihak tokopedia melakukan pembiaran toko melakukan pengiriman lama sehingga pesanan batal secara otomatis jika seperti ini tokopedia tidak akan bisa sebagus pelayanan shopee,0
lag min,1
tokopedia skrg app nya sangat loading pdhal internet lanjay kadang jg error pas cari barang contoh soundbar w payah lah,0
iklan pop up tokped di apk lain jujur sangat mengganggu bukan masalah ada atau tidaknya lebih ke lama bgtt loadingnyaa pas di cek ternyata tokped apk paling berat no di hp kuu bahkan ig sama game kalah 😊😊😊,1
ambil biaya jasa aplikasi bisa melindungi hak konsumen tidak bisa beli paket dari tanggal sampai tanggal belum ada kejelasan hahahah,0
tokopedia toko banyak penipu tokopedia care bukan bantuin malah membiarkan penipu pindh ke oren deh,0
setiap update membuat berat dan suka forced closed pada android jadul,0
sangat bagus,2
kok berat ya sekarang kl ngelik angka tunggu sebentar lamaaa banget,1
jelek aplikasi gak guna mau isi alamat gak bisa mau pesen gak bisa,0
aplikasi ampas kurirnya banyak yg gk jujur paket saya blm sampai dibilang udh sampai mana compalinnya lama banget lagi dahlah kapok pakai apk ini lagi,2
ongkir nya mahal banget,0
semua sudah bagus cuma kekurangan tokopedia susah lacak barang tidak jelas harap detailnya lebih rinci dan transparan,2
saya beli water colant prestone galon liter perliter dibatalkan katanya barangnya tidak ada padahal dipenjualan barang ready total yang sudah bayar ribu rupiah tokopedia mohon barang pesanan saya dikirim terima kasih,0
app tokopedia sekarang rusak ya bagian pesan terus menerus muncul notifikasi yang gak bisa ilang walau semua pesan sudah di baca semua sampai semua notifikasi di lihat di clik satu satu tetep saja gak ilang,0
tidak bisa menaruh lokasi,0
tokopedia mantap memberikan opsi belanja online yang lengkap,2
bermanfaat sekali terimakasih,2
keren tokpedkalo buat pembayaran tagihan belanja segala macem lebih pilih ditokped,2
pesen barang dah di bayar dh minggu blm sampe dh complen jg ke cs dan ke seller sampe sekarng blm ada ke jelasan,0
sangat suka sekali,2
berharap pelayanan lebih baik,2
ngebug mulu update mulu bug baru update lagi,0
pertama belanja normal waktu co ga ada diskon sekarang co lagi ada diskonnya hilang semua diskonnya payah ini aplikasi cuman modal gaya gayaan ada diskonnya,0
sangat membantu dalam hal kebutuhan belanja on linecepat respon dan cepat sampai,2
terbaik,2
toped belanja online di sini mahaldiskon ongkir gak fullkadang gak ada gratis ongkirenakan di tk s h p atau l a z d lebih bnyk diskon,0
aplikasi ini sagat mantep baget pencarian barang sagat mudah dan barang di beli semua asli ngk ada xg kw pokokx mantap tokopedia,2
tolong segera update karna skrang aplikasi sangat lambat device sultra pun suka ngelag di aplikasi updatean yang skrng,0
lagi pemula memakai aplikasi ini jika dia bagus,2
saya suka belanja online di tokopedia adalah kecepatan pengirimannya yg saya suka terimakasih tokopedia terus pertahankan performanya,2
membantu mendapatkan sesuatu cukup dari rumah saja 🙏,2
layanan bagus,2
bagus,2
seru,0
kendala foto bukti pengiriman ga beres dari kapan tau,0
mantap,2
sekarang pengiriman jauh lebih lama gk recommend apk ini,0
mantaf proses lbh cepat dan mudah,2
👍🏻,2
sangat berat menjadi affiliate progam karna harus mempunyai pengikut yg bikin sulit,0
belanja terus tapi ga ada dapat diskon payah,0
belanja paling murah dan tanpa ribet ya di tokopedia,2
terpercaya,2
sial banget belanja di sini udah hari gua pesan tapi belum di kirim harusnya di blokir aja selernya,0
maaf saya turunin bintangnya karena sekarang sering errorcape mencetinnya,1
dari dah pake tokopedia tapi semenjak gratis ongkir ditiadakan kecuali langganan tokped plus saya mulai beralih ke toko sebelah,0
kenapa saya susah dapat saldo kredit tokopedia card,0
lumayan rekomended,2
aplikasi gak guna mau belanja mau masuka alamatnya aja aplikasinynahenk,0
tolong mending putus kontrak aja sama si cepat sudah banyak yang di rugikan karena si cepat,1
voucher potongan besar gabisa dipake tpi potongan kecil bisa pas ditanyain ke cs jawabannya muter doang gaada jawaban pasti sempet mau dikasih kompensasi juga wacana pdhl udh sering pake aneh emg,0
mantap,2
wah tambah kacau nih tokopedia bayar tagihan indihome pakai gopaylater di tokopedia card juga terpotong komplain ai asistennya yang balas sial,0
kren,2
aplikasi haram ngga bisa masuk padahal jaringan bagus,0
mantap,2
aplikasi tokopedia kenapa jelek sekali ya sekarang gambar barangbarang yang dijual tidak muncul,0
aplikasi lambat,1
👍👍👍,2
bintang score,0
ok,2
tolong fitur foto pengiriman sama no telp nama kurir diperbaiki saya jadi bermasalah sama kurir didenda rb,0
beresin noh aplikasi lu masih banyak bugg sampe gua mau bayar cicilan aja gabisa jadi kena denda gua gara gara jelek nya sistem aplikasi lu,0
sangat dalam pembelian barang,2
harganya berubahubah beli satu masih dengan harga awal beli banyak malah harga makin dinaikkan sebagai pengguna tokped saya,0
ketipu seller di tokopedia beli tv dikirim casing hp proses refund nya ribet hatihati banyak toko penipu korban nya sudah banyak,0
andaikan ada bintang minus saya akan kasi bintang minus,0
sinyal terkadang tidak stabil kalau kondisi hujan untuk yang lainnya sejauh ini aman,2
dapat kupon promo cuma bisa buat pajangan saja gak bisa buat cobener bener busuk,0
ok amanah,2
sekarang setelah sudah gak langganan plus belanja min rb gak pernah dapet gratis ongkir mending shoope,0
gacorr,2
tolong perbaiki sudah sepi tambah aplikasi sering gak jalan tidak ada respon dr server nunggu pop up iklan muncul baru bisa pencarian tutup saja sudah gedeg gua njir,0
bagus,2
saya pelanggan setia tokopedia disaat saya komplain krn barang yg saya beli mengalami kerusakan cs tokopedia kebanyakan bicara meminta saya terus menunggu sudah hampir minggu tak ada penyelesaian beralasan investigasi terus tp tanpa hasil sungguh memuakkan jangan sampai berurusan sama tokopedia kembali cs sangat lambat respond n sangat tidak jelas ditanya apa dijawab sprt orang bodoh,0
transaksi mudah,2
ni aplikasi tambah lama tambah ga jelas udah gitu tambah lemot lagi,1
nice,2
gratis ongkir top,2
amanah,2
mudah dan simpel,2
siiiippp cepat,2
ini gimana penangannya tokopedia saya belanja di tipu seller barang tak sesuai udah refund pengembalian dana masih nunggu persetujuan hello klo gak disetujui seller berarti duit saya gak balik gitu trs lagi pesan barang harga k lebih harusnya di kirim instant dam ternyata gak di kirim tertulis batal otomatis sejak tgl dan harusnya dah terbatalkan dana kmbali ke saya eh kenapa sampe tgl hari ini gak ada dan masih status dibproses gini aja kantor toko pedia saya samperin,0
bagus aku sukak,2
cc bri tokopedia card akan lebih mantap jika ada opsi cicilan bulan,1
kecewa akun saya di pake orang dan pakai paylater aku di saat aku tidak online dan tidak bisa di batalkan pesanan nya,0
promo banyakgratis ongkir juga ada pelayanan tiap toko tidak diperhatikan fokus nya ngasih diskon doang notif tembus mending tiktok shop,0
amanah ya👍,2
bisa nggk sih kalo buat iklan di hp itu kalo iklannya udh habis jangan di arahkan secara paksa ke aplikasinya saya itu lagi ndak mau belanja malah seenaknya aja di lempar ke aplikasi apalagi kalo mau main game pas mau balik malah login ulang padahal lagi seruserunya jugak,0
admin cs nya lemot bales chat customer lama bgt pertanyaan apa jawabannya ga sesuai ga memuaskan sudah minggu paket saya gatau kemana bilangnya sabar² mulu uang sayaa kembalikan,0
algoritma produk ngawur pencet opsi nggak ngaruh,0
ok,2
produk salah kirim ribet untuk komplain gagal mulu upload komplain,0
makin kesini makin lemot kebanyakan fitur malah yang jualan pada ngawur,0
coba coba nyari pengalaman bosen disini gimana moga lyanan dan harga nya trjangkautau cod bisa gacoba dulu,2
sangat terjangkau paling enak blanja disini,2
saya dulu pelanggan toped terlama tapi kualitas pelayanan serta resfon yg kian memburuk serta ongkir yg mahal akhirnya saya pindah ke apk lain,0
sangat membantu saya,2
aplikasi penipu diskon abal abal,0
banyak seler penipu sudah lapor cs udah hari masih proses saja padahal bukti udah di kirim semua,0
ok,2
okay,2
pihak tokopedia hanya mementingkan keuntungan juga membela pihak expedisi jt express yang sudah jelas jelas lalai dalam pengirimanpengiriman sudah melewati estimasi dari tgl sampai sekarang tgl masih belum ada penjelasan kapan paket akan dikirim dan pihak tokopedia hanya bisa suruh menunggu terus tanpa ada kepastian padahal sudah melewatu estimasi paket bisa dibatalkan tapi ini hanya mengulur waktu demi expedisi jt express,0
toko pedia memang hebat semoga kedepannya lebih banyak promonya dan gratis ongkir,2
makin kesini makin ribet pesan belum ada menit status dah dipacking aja pembatalan pesanan juga nunggu persetujuan penjual yang responnya lama sangat mengecewakan,0
mantap,2
tokopedia tempat berbelanja yg aman dan terpercaya,2
terimakasih kepada tokopedia sangat membantu kami untuk memilih produk yang kami mau pesan,2
aplikasinya bagus bangett🧚🏼‍♀️✨️,2
eror ga bisa masuk ke aplikasi nya logout sendiri setelah login,0
ternyata penjual di tokopedia jual emas palsu saya beli emas dan dikirim palsu sudah di cek di antam ini tim moderasinya tokopedia bagaimana,0
servisnya bagus,2
pelayanan komplain buruk ganti nomer karena sudah tidak aktif belibet semua admin cs nya hanya template sop tanpa memberikan solusi,0
transaksi dibatalkan sepihak sistem tapi tidak ketauan masalahanya apa tidak bisa cek status uang pembayarab briva tidak kembali hubungi cs diminta hanya diminta menunggu tanpa solusi dan ditinggal pergi cs,0
